Wavelength [nm],Intensity,Intensity (baselined),Intensity (normalised)
175.764,226.91675,8.275711274999964,1.9156970803138803e-05
176.337,252.53578,33.894741274999944,7.84609983853165e-05
176.91,231.21469,12.573651274999946,2.9106026341406407e-05
177.483,264.87672,46.23568127499993,0.00010702833470328013
178.056,242.14518,23.504141274999967,5.440839260768265e-05
178.629,236.29631,17.65527127499996,4.086917789875057e-05
179.202,245.19161,26.550571274999953,6.146039921164747e-05
179.775,248.81367,30.172631274999958,6.984489878654563e-05
180.348,257.57143,38.93039127499998,9.011773661834854e-05
180.921,247.74492,29.103881274999964,6.737091052553605e-05
181.494,240.17304,21.532001274999942,4.9843198493935275e-05
182.067,255.68993,37.04889127499996,8.576235985756297e-05
182.64,250.47805,31.837011274999952,7.369767687483486e-05
183.214,229.5133,10.872261274999943,2.5167575920448177e-05
183.787,234.29932,15.65828127499995,3.6246459940992856e-05
184.36,236.54592,17.90488127499995,4.1446985814381525e-05
184.933,253.0465,34.405461274999965,7.964323490897766e-05
185.506,274.60494,55.963901274999955,0.00012954763489557837
186.079,258.34303,39.701991274999955,9.190386933619177e-05
186.652,233.53802,14.896981274999945,3.448417010416795e-05
187.225,245.61995,26.978911274999945,6.245193898401783e-05
187.798,261.47762,42.83658127499996,9.915995248293147e-05
188.371,259.39,40.74896127499994,9.432744032064012e-05
188.944,243.28921,24.648171274999953,5.705664223597998e-05
189.517,226.91011,8.269071274999959,1.9141600246831794e-05
190.09,241.75424,23.113201274999966,5.3503427956679994e-05
190.664,254.03278,35.39174127499996,8.192631808284293e-05
191.237,246.9686,28.327561274999965,6.557385174959504e-05
191.81,241.11034,22.469301274999964,5.201290066660834e-05
192.383,254.55477,35.91373127499995,8.31346428850552e-05
192.956,252.22042,33.579381274999946,7.77309895544468e-05
193.529,254.68627,36.04523127499996,8.343904471553268e-05
194.102,270.13085,51.489811274999965,0.00011919081979504001
194.675,259.30472,40.66368127499993,9.413003052517914e-05
195.248,236.47419,17.83315127499995,4.128094213909523e-05
195.821,232.22264,13.581601274999969,3.143927215912306e-05
196.394,236.53674,17.895701274999965,4.142573555731857e-05
196.967,250.1454,31.50436127499995,7.292764441165372e-05
197.54,232.69348,14.05244127499995,3.2529192751229453e-05
198.114,243.68632,25.04528127499995,5.797588946716548e-05
198.687,223.11023,4.469191274999957,1.0345475322158003e-05
199.26,256.6632,38.022161274999974,8.801532692637499e-05
199.833,226.46105,7.820011274999956,1.810209693128656e-05
200.406,249.50309,30.862051274999942,7.144079772166159e-05
200.979,242.80775,24.166711274999955,5.5942138013153613e-05
201.552,243.78013,25.13909127499997,5.819304487185821e-05
202.125,260.74922,42.108181274999936,9.747382097479632e-05
202.698,272.1932,53.552161274999946,0.00012396483587933762
203.271,244.92302,26.281981274999964,6.083865557934381e-05
203.844,227.44032,8.79928127499997,2.036895305700248e-05
204.417,243.86496,25.223921274999952,5.8389412988051336e-05
204.99,243.84746,25.20642127499997,5.834890323874829e-05
205.564,242.33337,23.692331274999958,5.484402287747388e-05
206.137,256.17882,37.53778127499993,8.689406336252195e-05
206.71,263.1105,44.46946127499996,0.00010293981302247517
207.283,246.2707,27.62966127499996,6.395832294738816e-05
207.856,219.90836,1.2673212749999436,2.9336495506690655e-06
208.429,213.46317,-5.177868725000053,-1.1985952227086606e-05
209.002,228.41281,9.771771274999963,2.2620114548416935e-05
209.575,235.34874,16.70770127499995,3.867570229034366e-05
210.148,237.78863,19.147591274999968,4.4323664131891946e-05
210.721,249.37777,30.736731274999954,7.115070161979522e-05
211.294,215.67858,-2.962458725000033,-6.85762630117007e-06
211.867,219.88341,1.2423712749999538,2.875894222376982e-06
212.44,253.0097,34.368661274999965,7.955804869330031e-05
213.014,208.24564,-10.395398725000035,-2.406371407173251e-05
213.587,236.18741,17.546371274999956,4.061709151594453e-05
214.16,216.99254,-1.648498725000053,-3.8160154329257575e-06
214.733,217.88882,-0.7522187250000343,-1.7412681126191194e-06
215.306,221.04003,2.3989912749999576,5.553287721744391e-06
215.879,202.60656,-16.034478725000042,-3.7117297906019254e-05
216.452,222.31417,3.673131274999946,8.502721549003083e-06
217.025,226.32261,7.681571274999953,1.778163009165692e-05
217.598,225.88648,7.245441274999962,1.6772057693739642e-05
218.171,209.62368,-9.017358725000037,-2.087376807575436e-05
218.744,208.92791,-9.713128725000047,-2.2484366262760362e-05
219.317,213.18159,-5.459448725000044,-1.2637765667587246e-05
219.89,199.93334,-18.707698725000057,-4.3305382022132555e-05
220.463,200.03828,-18.602758725000058,-4.306246241688311e-05
221.037,205.77528,-12.865758725000035,-2.9782209173924455e-05
221.61,193.65965,-24.981388725000045,-5.782798825671801e-05
222.183,193.98967,-24.651368725000054,-5.706404383014645e-05
222.756,192.59699,-26.04404872500004,-6.0287879124970115e-05
223.329,208.39878,-10.242258725000056,-2.3709219042688338e-05
223.902,208.72193,-9.919108725000058,-2.2961177586271737e-05
224.475,214.92255,-3.718488725000043,-8.60771691634771e-06
225.048,204.57549,-14.065548725000042,-3.255953443771553e-05
225.621,234.74795,16.10691127499996,3.728496787412666e-05
226.194,212.56722,-6.073818725000052,-1.4059935649263485e-05
226.767,201.55227,-17.08876872500005,-3.955781353989044e-05
227.34,190.79484,-27.84619872500005,-6.445957310820141e-05
227.913,215.46886,-3.1721787250000375,-7.343095136818202e-06
228.487,202.20612,-16.434918725000045,-3.804425356378645e-05
229.06,201.35806,-17.28297872500005,-4.0007379163441934e-05
229.633,210.4949,-8.146138725000043,-1.885703071644979e-05
230.206,210.86096,-7.780078725000038,-1.800965935474202e-05
230.779,210.10333,-8.537708725000044,-1.9763453718427362e-05
231.352,198.35464,-20.286398725000055,-4.6959824377833916e-05
231.925,187.38832,-31.25271872500005,-7.234513146225464e-05
232.498,199.70792,-18.933118725000043,-4.382719389001255e-05
233.071,190.95535,-27.685688725000034,-6.408801768759352e-05
233.644,178.27162,-40.36941872500003,-9.344885897490592e-05
234.217,197.40876,-21.232278725000043,-4.91493879018795e-05
234.79,183.98865,-34.65238872500004,-8.02148331430092e-05
235.363,184.3454,-34.29563872500003,-7.938901296793067e-05
235.937,211.14013,-7.500908725000045,-1.7363424685431112e-05
236.51,216.04289,-2.598148725000044,-6.0143059143926415e-06
237.083,195.48826,-23.152778725000047,-5.359504353254048e-05
237.656,207.55481,-11.08622872500004,-2.5662876935220945e-05
238.229,186.74078,-31.900258725000043,-7.384408478018131e-05
238.802,186.47815,-32.162888725000045,-7.445203194929378e-05
239.375,186.57386,-32.06717872500005,-7.423047834324819e-05
239.948,196.04441,-22.596628725000045,-5.230764369968856e-05
240.521,211.13692,-7.5041187250000405,-1.7370855330874698e-05
241.094,201.87524,-16.765798725000053,-3.881018875518095e-05
241.667,176.40348,-42.23755872500004,-9.77733094356521e-05
242.24,207.1356,-11.505438725000033,-2.663328219266919e-05
242.813,206.63212,-12.008918725000058,-2.7798759254332972e-05
243.387,220.54592,1.9048812749999513,4.409500737278929e-06
243.96,217.66299,-0.9780487250000363,-2.2640290660542538e-06
244.533,220.74237,2.10133127499995,4.864251608741226e-06
245.106,212.5821,-6.058938725000047,-1.4025490788141766e-05
245.679,205.94754,-12.69349872500004,-2.9383454350213112e-05
246.252,216.37035,-2.270688725000042,-5.256287485433386e-06
246.825,210.19383,-8.447208725000053,-1.9553960443460017e-05
247.398,204.80024,-13.840798725000042,-3.2039273514523106e-05
247.971,218.56365,-0.07738872500004845,-1.791427342078307e-07
248.544,213.24139,-5.399648725000048,-1.2499338067111584e-05
249.117,218.35141,-0.2896287250000569,-6.704449737556161e-07
249.69,222.13234,3.4913012749999552,8.081813679530007e-06
250.263,215.22893,-3.412108725000053,-7.898495373977564e-06
250.837,212.2019,-6.439138725000049,-1.4905594027286421e-05
251.41,206.22189,-12.419148725000042,-2.8748377223281674e-05
251.983,186.5378,-32.10323872500004,-7.43139515752407e-05
252.556,202.09679,-16.544248725000045,-3.829733532900393e-05
253.129,187.83068,-30.810358725000043,-7.132113759358543e-05
253.702,211.17686,-7.464178725000039,-1.7278400508750977e-05
254.275,199.72984,-18.911198725000048,-4.377645253545693e-05
254.848,205.14134,-13.49969872500003,-3.12496806295356e-05
255.421,207.16669,-11.474348725000056,-2.6561313729478796e-05
255.994,196.29838,-22.342658725000035,-5.1719743069374055e-05
256.567,214.28284,-4.358198725000051,-1.0088545015014809e-05
257.14,225.23409,6.593051274999965,1.5261877388148966e-05
257.713,220.84801,2.206971274999944,5.108791603962782e-06
258.287,196.25429,-22.386748725000047,-5.182180448918967e-05
258.86,207.11537,-11.525668725000031,-2.668011146286355e-05
259.433,221.9969,3.355861274999967,7.76829136835236e-06
260.006,207.91649,-10.724548725000034,-2.4825644585053024e-05
260.579,208.4887,-10.15233872500005,-2.350106837655501e-05
261.152,217.473,-1.1680387250000308,-2.7038260529166615e-06
261.725,218.7593,0.11826127499995209,2.737562630006157e-07
262.298,224.93777,6.296731274999956,1.4575943164521005e-05
262.871,210.24557,-8.395468725000057,-1.9434190476091948e-05
263.444,202.80996,-15.831078725000054,-3.664645887697662e-05
264.017,221.67557,3.0345312749999493,7.024462925863234e-06
264.59,192.99971,-25.64132872500005,-5.935564562557947e-05
265.163,185.89945,-32.74158872500004,-7.579163148767623e-05
265.737,194.63238,-24.008658725000032,-5.557627120302736e-05
266.31,196.32547,-22.31556872500005,-5.1657033977452915e-05
266.883,211.22208,-7.418958725000039,-1.7173723316551816e-05
267.456,212.98641,-5.6546287250000375,-1.3089576688671535e-05
268.029,200.59525,-18.04578872500005,-4.1773164412920976e-05
268.602,207.51918,-11.121858725000038,-2.5745354784802013e-05
269.175,215.87366,-2.767378725000043,-6.406046764367519e-06
269.748,205.98835,-12.652688725000047,-2.9288985614838346e-05
270.321,202.82694,-15.814098725000036,-3.66071528459385e-05
270.894,208.20734,-10.433698725000056,-2.415237255163587e-05
271.467,205.18923,-13.451808725000035,-3.1138822807014206e-05
272.04,218.1254,-0.5156387250000307,-1.193622598897803e-06
272.613,213.77586,-4.8651787250000496,-1.1262124026539147e-05
273.186,208.39241,-10.248628725000032,-2.3723964591434606e-05
273.76,214.73726,-3.903778725000052,-9.036634141968752e-06
274.333,215.95347,-2.687568725000034,-6.221299159117275e-06
274.906,213.09936,-5.541678725000054,-1.2828115192455402e-05
275.479,209.12391,-9.517128725000049,-2.203065707056586e-05
276.052,210.03687,-8.60416872500005,-1.991729817206639e-05
276.625,206.51838,-12.122658725000036,-2.8062049476374776e-05
277.198,217.71684,-0.9241987250000534,-2.13937478034167e-06
277.771,213.68487,-4.956168725000055,-1.1472751574487007e-05
278.344,205.82236,-12.81867872500004,-2.9673226374085095e-05
278.917,191.69739,-26.94364872500003,-6.237031172343019e-05
279.49,206.80199,-11.839048725000055,-2.7405536904955e-05
280.063,189.79326,-28.84777872500004,-6.677807337717167e-05
280.636,185.26067,-33.38036872500004,-7.72703067825232e-05
281.21,219.27426,0.6332212749999542,1.4658077202071676e-06
281.783,219.86891,1.2278712749999556,2.842329001525862e-06
282.356,200.51745,-18.123588725000047,-4.195325918410838e-05
282.929,205.11039,-13.530648725000049,-3.132132501473166e-05
283.502,224.68259,6.041551274999961,1.3985241574397575e-05
284.075,227.54455,8.903511274999943,2.061022912385157e-05
284.648,214.6494,-3.99163872500003,-9.24001623189834e-06
285.221,208.07196,-10.569078725000054,-2.44657559722445e-05
285.794,212.23104,-6.409998725000037,-1.4838139507589721e-05
286.367,205.52413,-13.11690872500003,-3.036358194749409e-05
286.94,209.17345,-9.467588725000041,-2.1915979757395863e-05
287.513,212.00146,-6.639578725000035,-1.536958112158979e-05
288.086,214.75509,-3.8859487250000484,-8.995360494535947e-06
288.66,225.02762,6.386581274999969,1.4783931791657139e-05
289.233,225.13725,6.4962112749999505,1.5037708009719768e-05
289.806,222.59868,3.9576412749999577,9.161317478958513e-06
290.379,225.19009,6.549051274999954,1.5160024304186907e-05
290.952,223.17243,4.531391274999947,1.0489458545395216e-05
291.525,218.03957,-0.6014687250000463,-1.3923055579083212e-06
292.098,207.19245,-11.448588725000036,-2.6501683378504615e-05
292.671,228.46474,9.823701274999962,2.2740324335920303e-05
293.244,220.36981,1.728771274999957,4.001833768720909e-06
293.817,221.46523,2.824191274999947,6.537558887668369e-06
294.39,185.26145,-33.37958872500005,-7.726850120512571e-05
294.963,224.57474,5.933701274999947,1.37355857765497e-05
295.536,211.90187,-6.739168725000042,-1.56001163177666e-05
296.11,207.60196,-11.039078725000053,-2.5553732096384387e-05
296.683,211.0113,-7.629738725000038,-1.7661645885586292e-05
297.256,223.85293,5.211891274999942,1.2064709082580725e-05
297.829,221.74477,3.1037312749999444,7.184650048821691e-06
298.402,225.94493,7.303891274999955,1.6907360256411917e-05
298.975,203.88528,-14.75575872500005,-3.4157262098657236e-05
299.548,207.0039,-11.637138725000057,-2.6938146991710143e-05
300.121,227.32967,8.688631274999949,2.0112815699266094e-05
300.694,247.26649,28.62545127499996,6.626342027644616e-05
301.267,228.98583,10.344791274999949,2.3946565779596985e-05
301.84,207.33345,-11.307588725000045,-2.6175290541262672e-05
302.413,214.4435,-4.197538725000044,-9.716642367984336e-06
302.986,223.75336,5.1123212749999425,1.183422018326028e-05
303.56,223.52484,4.883801274999968,1.1305232302646621e-05
304.133,224.50365,5.862611274999949,1.3571023600666503e-05
304.706,225.68609,7.045051274999963,1.630818634157711e-05
305.279,228.95528,10.314241274999944,2.387584733152788e-05
305.852,229.89025,11.249211274999965,2.604015592043659e-05
306.425,225.52486,6.883821274999946,1.593496423414074e-05
306.998,242.48868,23.847641274999944,5.5203541115431644e-05
307.571,245.37128,26.73024127499997,6.18763070206352e-05
308.144,242.78537,24.144331274999956,5.5890331830902025e-05
308.717,247.12528,28.48424127499996,6.593654132221255e-05
309.29,254.81366,36.172621274999955,8.373393254203092e-05
309.863,229.19596,10.55492127499997,2.4432983700800256e-05
310.436,288.55949,69.91845127499994,0.00016185022473199596
311.01,256.98032,38.33928127499996,8.874940988060313e-05
311.583,260.42999,41.78895127499993,9.673485370222359e-05
312.156,256.57392,37.93288127499994,8.780865775964468e-05
312.729,275.27257,56.63153127499993,0.00013109309340570492
313.302,264.39018,45.74914127499994,0.0001059020710789418
313.875,267.33869,48.69765127499994,0.00011272740827423478
314.448,262.01246,43.37142127499993,0.00010039802301534624
315.021,287.3202,68.67916127499996,0.00015898146317692082
315.594,275.7018,57.06076127499995,0.00013208669338818276
316.167,294.09904,75.45800127499996,0.00017467341226067498
316.74,296.46375,77.82271127499996,0.00018014734421921717
317.313,281.5657,62.92466127499995,0.00014566070018465912
317.886,283.91862,65.27758127499993,0.0001511073401463851
318.46,298.35929,79.71825127499994,0.00018453522137315784
319.033,306.35889,87.71785127499993,0.00020305303797458216
319.606,316.3486,97.70756127499993,0.00022617764641518108
320.179,333.75171,115.11067127499996,0.00026646311059769207
320.752,345.92136,127.28032127499995,0.00029463393748947714
321.325,361.75361,143.11257127499994,0.00033128310768397446
321.898,340.05773,121.41669127499995,0.0002810605557005615
322.471,361.96309,143.32205127499998,0.00033176802095734656
323.044,419.58641,200.94537127499996,0.0004651569493694157
323.617,428.01814,209.37710127499997,0.00048467507899748813
324.19,429.8905,211.24946127499993,0.0004890092980949233
324.763,453.83314,235.19210127499997,0.0005444327463265758
325.336,447.81119,229.17015127499997,0.0005304928786228222
325.909,489.52062,270.87958127499996,0.0006270436530727882
326.483,527.98783,309.346791275,0.0007160891978435865
327.056,585.44414,366.8031012749999,0.0008490915243567351
327.629,657.15409,438.51305127499995,0.0010150887870445334
328.202,784.94343,566.302391275,0.0013109010228734579
328.775,937.89413,719.253091275,0.0016649578521723577
329.348,1167.1699,948.528861275,0.0021956952215421207
329.921,1483.2442,1264.603161275,0.002927357544636224
330.494,1898.9544,1680.313361275,0.003889661315192432
331.067,2424.4005,2205.759461275,0.0051059864456656666
331.64,3067.4118,2848.770761275,0.006594456534925563
332.213,3911.6801,3693.0390612749998,0.008548804945070612
332.786,5047.7241,4829.083061275001,0.01117856823862886
333.359,6451.6498,6233.008761275,0.014428435561323285
333.933,8043.3285,7824.687461275,0.01811292156749779
334.506,9790.3534,9571.712361275,0.02215700960894008
335.079,11753.113,11534.471961275,0.02670048957112382
335.652,14181.137,13962.495961275,0.032320983487801755
336.225,17219.182,17000.540961275,0.03935358013474339
336.798,20658.233,20439.591961275,0.047314442640486815
337.371,24098.628,23879.986961275,0.055278416294976714
337.944,26992.254,26773.612961275,0.06197670565708397
338.517,29596.574,29377.932961275,0.06800529710308395
339.09,32437.301,32218.659961275,0.07458113359499785
339.663,35696.552,35477.910961275,0.08212578736218734
340.236,39220.653,39002.011961275,0.09028352724954374
340.809,41541.514,41322.872961275,0.09565595566538933
341.383,42325.605,42106.963961275,0.09747100308486373
341.956,41301.441,41082.799961275,0.09510022440570712
342.529,39173.172,38954.530961275,0.09017361619773462
343.102,36543.068,36324.426961275,0.08408533884453287
343.675,33922.654,33704.012961275,0.07801949231823097
344.248,30633.252,30414.610961275,0.0704050437252565
344.821,26860.416,26641.774961275,0.061671521409734274
345.394,22763.723,22545.081961275002,0.05218832104392361
345.967,18900.86,18682.218961275,0.04324640037408663
346.54,15576.871,15358.229961275,0.03555188831258955
347.113,12977.982,12759.340961275,0.029535868777930418
347.686,11052.049,10833.407961275001,0.025077636606242956
348.259,9614.4819,9395.840861275,0.021749894730393977
348.833,8440.4744,8221.833361275,0.01903225190154044
349.406,7341.045,7122.403961275,0.0164872456518012
349.979,6316.6029,6097.961861275,0.014115823214857099
350.552,5392.3894,5173.748361275,0.011976414232712927
351.125,4625.2288,4406.587761275,0.010200558028072858
351.698,4021.165,3802.523961275,0.008802245279440492
352.271,3481.6549,3263.0138612749997,0.0075533641995844825
352.844,3009.4372,2790.7961612749996,0.006460254448528625
353.417,2619.0026,2400.361561275,0.0055564597190858435
353.99,2246.2094,2027.5683612750001,0.004693502057720511
354.563,1914.3733,1695.732261275,0.003925353645108391
355.136,1648.7978,1430.156761275,0.003310588106477512
355.709,1437.5689,1218.927861275,0.0028216264045023373
356.283,1306.8279,1088.186861275,0.0025189815397232453
356.856,1174.8627,956.2216612749999,0.002213502844367191
357.429,1065.0918,846.4507612749999,0.0019594004649515586
358.002,994.43775,775.796711275,0.0017958474447945677
358.575,924.92235,706.281311275,0.0016349302204115167
359.148,882.58314,663.9421012749999,0.0015369216042520593
359.721,827.01141,608.3703712749999,0.0014082817842155735
360.294,781.13012,562.489081275,0.0013020738096097475
360.867,783.92399,565.282951275,0.0013085411795117703
361.44,749.69822,531.057181275,0.0012293139016600612
362.013,684.22509,465.584051275,0.0010777538969521739
362.586,655.12833,436.48729127499996,0.0010103994710589216
363.159,633.68536,415.0443212749999,0.0009607623659724365
363.733,620.63682,401.9957812749999,0.000930557046876938
364.306,601.05693,382.4158912749999,0.0008852326791465436
364.879,607.29851,388.6574712749999,0.000899680955778265
365.452,604.46488,385.82384127499995,0.0008931215477258257
366.025,586.12596,367.4849212749999,0.0008506698304864395
366.598,549.57671,330.935671275,0.0007660640616455464
367.171,529.75025,311.109211275,0.0007201689231216857
367.744,518.97938,300.33834127499995,0.0006952360520659099
368.317,494.49789,275.85685127499994,0.0006385652507821451
368.89,486.21233,267.57129127499996,0.0006193854817286802
369.463,486.349,267.70796127499995,0.0006197018512965231
370.036,466.52799,247.88695127499994,0.0005738193286660168
370.609,459.2984,240.65736127499997,0.0005570839641823562
371.183,456.44757,237.80653127499994,0.0005504847408334589
371.756,431.59379,212.95275127499997,0.0004929521467172345
372.329,430.40219,211.76115127499997,0.0004901937800161173
372.902,395.09502,176.45398127499993,0.0004084632311417594
373.475,409.80303,191.16199127499993,0.0004425099624473142
374.048,407.65528,189.01424127499996,0.00043753825878641755
374.621,395.13978,176.49874127499993,0.00040856684350626263
375.194,378.2066,159.56556127499994,0.00036936919340889435
375.767,368.05351,149.41247127499997,0.00034586638594880196
376.34,368.71388,150.07284127499997,0.00034739503870007485
376.913,354.45326,135.81222127499996,0.0003143839449225604
377.486,347.30524,128.66420127499998,0.0002978374021675085
378.059,355.03364,136.39260127499995,0.0003157274333968759
378.632,322.72395,104.08291127499996,0.00024093557957057527
379.206,329.30028,110.65924127499994,0.0002561587498353941
379.779,326.83704,108.19600127499996,0.00025045673641406154
380.352,325.89131,107.25027127499993,0.00024826752011643846
380.925,313.09951,94.45847127499997,0.00021865651376585846
381.498,311.83037,93.18933127499997,0.00021571865415268636
382.071,296.06774,77.42670127499997,0.00017923064331513074
382.644,302.99891,84.35787127499998,0.00019527521240524708
383.217,303.83547,85.19443127499994,0.00019721171731250332
383.79,304.57874,85.93770127499994,0.00019893227053333193
384.363,293.86502,75.22398127499997,0.00017413169274456603
384.936,276.42495,57.78391127499998,0.000133760671971527
385.509,270.08187,51.44083127499994,0.00011907743879384766
386.082,263.28346,44.64242127499995,0.00010334018823615862
386.656,261.03224,42.39120127499996,9.812896778895396e-05
387.229,271.37572,52.73468127499996,0.0001220724981730358
387.802,278.59728,59.95624127499997,0.00013878927446887339
388.375,275.4407,56.79966127499995,0.0001314822879285808
388.948,263.3289,44.68786127499993,0.00010344537469377756
389.521,254.26707,35.626031274999946,8.246866260651256e-05
390.094,256.59895,37.95791127499996,8.786659827536221e-05
390.667,259.64369,41.00265127499995,9.491469279496577e-05
391.24,264.95371,46.31267127499996,0.00010720655445178555
391.813,267.83225,49.191211274999944,0.00011386992209515071
392.386,273.75742,55.11638127499998,0.0001275857593110443
392.959,259.30081,40.65977127499997,9.412097948976351e-05
393.532,257.04869,38.40765127499998,8.890767568402325e-05
394.106,235.35838,16.717341274999967,3.869801737510266e-05
394.679,226.95252,8.311481274999949,1.9239772730714265e-05
395.252,280.75326,62.11222127499997,0.0001437800292861566
395.825,244.37199,25.730951274999967,5.956310774171658e-05
396.398,232.56142,13.920381274999954,3.222349460877433e-05
396.971,248.83648,30.19544127499995,6.989770035120865e-05
397.544,240.0102,21.369161274999954,4.946624948956309e-05
398.117,221.53428,2.8932412749999514,6.6973987842042496e-06
398.69,252.51956,33.87852127499997,7.842345163481964e-05
399.263,244.10115,25.460111274999946,5.893615571307388e-05
399.836,241.20403,22.562991274999945,5.2229778290162906e-05
400.409,258.53949,39.89845127499996,9.235864335608225e-05
400.982,229.41368,10.772641274999955,2.4936971278986896e-05
401.556,223.98541,5.344371274999958,1.237137945901917e-05
402.129,212.89719,-5.743848725000049,-1.3296106964832756e-05
402.702,211.98754,-6.653498725000048,-1.54018037336069e-05
403.275,223.79446,5.153421274999943,1.1929360223052088e-05
403.848,216.48177,-2.1592687250000324,-4.998367698727691e-06
404.421,203.8761,-14.764938725000036,-3.417851235572019e-05
404.994,206.06838,-12.572658725000053,-2.9103728744168328e-05
405.567,222.28846,3.6474212749999424,8.443206940169806e-06
406.14,232.69033,14.049291274999945,3.2521900996354886e-05
406.713,226.30745,7.666411274999945,1.7746537074546345e-05
407.286,221.71226,3.0712212749999424,7.109394508830648e-06
407.859,231.15701,12.51597127499997,2.8972506207703508e-05
408.432,235.41028,16.769241274999956,3.881815771732149e-05
409.006,218.76021,0.11917127499995672,2.758627699643867e-07
409.579,215.74896,-2.892078725000033,-6.694707663687164e-06
410.152,228.83556,10.194521274999943,2.3598714349438455e-05
410.725,232.66376,14.022721274999952,3.2460395622698736e-05
411.298,228.86727,10.226231274999947,2.3672118015175648e-05
411.871,222.43731,3.7962712749999525,8.78777129352775e-06
412.444,227.38948,8.748441274999948,2.0251266448169934e-05
413.017,213.62867,-5.012368725000044,-1.1602845740820306e-05
413.59,204.00184,-14.639198725000057,-3.3887444019870557e-05
414.163,230.16592,11.524881274999956,2.6678288639886875e-05
414.736,229.09671,10.455671274999958,2.4203235551181325e-05
415.309,220.09768,1.4566412749999529,3.371895592843903e-06
415.882,220.73926,2.0982212749999576,4.857052447579382e-06
416.456,218.9309,0.2898612749999643,6.709832904525692e-07
417.029,224.74363,6.102591274999952,1.41265395799667e-05
417.602,214.79354,-3.8474987250000368,-8.906354788210008e-06
418.175,238.08202,19.440981274999956,4.500281586606512e-05
418.748,229.59011,10.949071274999966,2.5345378997246495e-05
419.321,206.15136,-12.489678725000033,-2.8911643087187155e-05
419.894,220.8535,2.212461274999953,5.121500091029884e-06
420.467,212.66017,-5.98086872500005,-1.3844771009393688e-05
421.04,219.9732,1.3321612749999474,3.0837439589440324e-06
421.613,216.74889,-1.8921487250000553,-4.3800268853655155e-06
422.186,221.69945,3.058411274999969,7.079741372340854e-06
422.759,228.14451,9.503471274999953,2.1999042220530244e-05
423.332,216.87675,-1.764288725000057,-4.084051082743124e-06
423.906,211.14998,-7.491058725000045,-1.7340623483680523e-05
424.479,223.25329,4.612251274999949,1.0676636735603626e-05
425.052,217.82803,-0.8130087250000315,-1.8819874074839297e-06
425.625,213.32363,-5.3174087250000355,-1.2308965393815248e-05
426.198,227.59853,8.957491274999967,2.0735184339130498e-05
426.771,222.31503,3.6739912749999633,8.504712313826017e-06
427.344,210.56796,-8.073078725000045,-1.8687908300216476e-05
427.917,215.56838,-3.0726587250000534,-7.11272197963866e-06
428.49,211.41985,-7.221188725000047,-1.6715916852570673e-05
429.063,216.06901,-2.5720287250000524,-5.953842220004291e-06
429.636,230.97312,12.33208127499995,2.8546829762026688e-05
430.209,222.89461,4.253571274999956,9.846348913887696e-06
430.782,234.65125,16.01021127499996,3.706112257369192e-05
431.355,245.1001,26.459061274999954,6.124856794543463e-05
431.929,238.54439,19.90335127499995,4.607312973950885e-05
432.502,235.09452,16.453481274999945,3.808722294932484e-05
433.075,216.82197,-1.8190687250000508,-4.210858172275839e-06
433.648,220.09401,1.4529712749999533,3.363400119704344e-06
434.221,232.74421,14.103171274999966,3.2646624727352077e-05
434.794,239.4031,20.76206127499995,4.8060908415168775e-05
435.367,228.92245,10.281411274999954,2.379985104183532e-05
435.94,239.50139,20.860351274999942,4.828843431568303e-05
436.513,212.22804,-6.412998725000051,-1.484508403604171e-05
437.086,204.05541,-14.58562872500005,-3.3763437890146766e-05
437.659,225.71898,7.077941274999944,1.6384321521838685e-05
438.232,243.43771,24.796671274999966,5.7400396394351865e-05
438.805,234.39842,15.757381274999943,3.6475860864189144e-05
439.379,218.72237,0.08133127499996817,1.8826911775706553e-07
439.952,218.24485,-0.3961887250000302,-9.171146243690577e-07
440.525,240.79693,22.15589127499996,5.128740577923241e-05
441.098,223.73003,5.088991274999955,1.178021490033226e-05
441.671,209.53918,-9.101858725000056,-2.1069372293817852e-05
442.244,215.7325,-2.9085387250000565,-6.732809976460288e-06
442.817,217.42268,-1.21835872500003,-2.8203089434841474e-06
443.39,215.89712,-2.743918725000043,-6.351740551873217e-06
443.963,209.99234,-8.648698725000031,-2.0020378122721558e-05
444.536,216.18497,-2.4560687250000512,-5.685413046907987e-06
445.109,237.61842,18.977381274999942,4.3929654735956036e-05
445.682,250.27793,31.636891274999954,7.3234430530233e-05
446.255,229.02629,10.385251274999945,2.4040224319985696e-05
446.829,218.21697,-0.42406872500004056,-9.816524421159329e-07
447.402,220.19902,1.5579812749999462,3.6064817639509865e-06
447.975,219.42379,0.7827512749999528,1.8119461666808613e-06
448.548,226.42525,7.7842112749999615,1.8019225558426552e-05
449.121,223.7919,5.150861274999954,1.1923434225439779e-05
449.694,225.91238,7.271341274999969,1.683201212270822e-05
450.267,231.09614,12.455101274999947,2.8831601725413253e-05
450.84,215.99296,-2.6480787250000333,-6.12988601626135e-06
451.413,221.46616,2.825121274999958,6.5397116914885e-06
451.986,221.98907,3.348031274999954,7.750166149092723e-06
452.559,210.89224,-7.748798725000057,-1.7937251071416327e-05
453.132,224.64959,6.008551274999945,1.3908851761426015e-05
453.705,230.90266,12.261621274999953,2.8383725937118404e-05
454.279,234.9856,16.34456127499996,3.78350902696625e-05
454.852,233.31466,14.67362127499996,3.3967126812491635e-05
455.425,230.32049,11.679451274999963,2.7036093894159876e-05
455.998,233.97725,15.336211274999954,3.550091851481896e-05
456.571,243.43357,24.79253127499996,5.739081294508815e-05
457.144,240.2158,21.574761274999958,4.994218117280387e-05
457.717,221.54621,2.905171274999958,6.72501485901488e-06
458.29,252.61689,33.97585127499997,7.864875528622928e-05
458.863,238.96322,20.322181274999963,4.7042655356686556e-05
459.436,246.64071,27.99967127499997,6.481483793822435e-05
460.009,220.56528,1.9242412749999573,4.454316094222237e-06
460.582,227.69243,9.051391274999958,2.0952548079676724e-05
461.155,237.62479,18.983751274999946,4.394440028470237e-05
461.729,232.67263,14.031591274999954,3.248092827848836e-05
462.302,229.3828,10.74176127499996,2.4865488932788096e-05
462.875,238.61056,19.96952127499995,4.6226302888730835e-05
463.448,243.65975,25.01871127499996,5.791438409350934e-05
464.021,237.39022,18.749181274999955,4.3401407605043895e-05
464.594,227.97663,9.335591274999956,2.1610426408358755e-05
465.167,233.04223,14.401191274999945,3.3336494183769414e-05
465.74,217.82259,-0.818448725000053,-1.8945801524101942e-06
466.313,222.52062,3.879581274999964,8.980620848638615e-06
466.886,235.70851,17.067471274999946,3.950851329073048e-05
467.459,226.14984,7.508801274999968,1.7381694698108767e-05
468.032,228.01959,9.37855127499995,2.170987205579076e-05
468.605,232.14031,13.499271274999955,3.124869114997316e-05
469.179,230.59528,11.954241274999958,2.767218955193093e-05
469.752,217.79983,-0.8412087250000582,-1.9472659749323846e-06
470.325,230.33059,11.689551274999957,2.705947380661478e-05
470.898,238.33861,19.697571274999945,4.559678138456095e-05
471.471,235.97856,17.337521274999943,4.0133636593547445e-05
472.044,237.55134,18.910301274999966,4.377437507977034e-05
472.617,248.26069,29.619651274999967,6.856483700542464e-05
473.19,260.24333,41.60229127499997,9.630276514194293e-05
473.763,257.16929,38.528251274999946,8.918684572779184e-05
474.336,235.30761,16.666571274999967,3.858049280526738e-05
474.909,214.6559,-3.9851387250000414,-9.224969753585793e-06
475.482,232.9318,14.290761274999966,3.308086609145293e-05
476.055,248.54095,29.899911274999965,6.921359485340643e-05
476.628,237.8808,19.23976127499995,4.453702319436419e-05
477.202,243.39538,24.754341274999945,5.730240909789471e-05
477.775,243.51746,24.876421274999956,5.758500510903302e-05
478.348,230.26861,11.627571274999951,2.6915999848797342e-05
478.921,226.42686,7.785821274999961,1.8022952455362434e-05
479.494,230.75158,12.110541274999946,2.8033999484277847e-05
480.067,233.62984,14.988801274999958,3.4696718971654206e-05
480.64,234.69118,16.05014127499996,3.715355424738746e-05
481.213,217.99917,-0.6418687250000517,-1.4858252077280177e-06
481.786,241.86201,23.220971274999954,5.375289856710243e-05
482.359,255.85621,37.21517127499996,8.614727192122676e-05
482.932,233.69776,15.056721274999944,3.485394309580647e-05
483.505,227.79747,9.15643127499996,2.1195699169207908e-05
484.078,245.14569,26.504651274999958,6.13541016294762e-05
484.652,250.10022,31.459181274999963,7.282305981316728e-05
485.225,253.44083,34.79979127499996,8.055604687713101e-05
485.798,232.2397,13.598661274999955,3.1478763377586484e-05
486.371,245.19706,26.55602127499995,6.147301510500186e-05
486.944,229.37477,10.733731274999968,2.4846900744965048e-05
487.517,219.61915,0.9781112749999465,2.2641738594722696e-06
488.09,225.36396,6.722921274999948,1.5562506024834134e-05
488.663,227.66753,9.026491274999955,2.0894908493525475e-05
489.236,266.36701,47.72597127499995,0.00011047812180550237
489.809,231.63088,12.989841274999947,3.0069440773546368e-05
490.382,232.72361,14.082571274999964,3.25989389653153e-05
490.955,231.26972,12.628681274999963,2.9233412141643506e-05
491.528,239.09481,20.45377127499995,4.7347265523017526e-05
492.102,236.69598,18.054941274999948,4.179435112754839e-05
492.675,247.40152,28.76048127499996,6.657599350206873e-05
493.248,240.63811,21.997071274999968,5.091976244298584e-05
493.821,236.99509,18.35405127499996,4.2486743762636684e-05
494.394,243.46007,24.819031274999958,5.7452156279747096e-05
494.967,245.69425,27.053211274999967,6.262393180534469e-05
495.54,248.8447,30.203661274999945,6.9916728359167e-05
496.113,245.61569,26.974651274999957,6.244207775361608e-05
496.686,237.11109,18.470051274999946,4.275526552944564e-05
497.259,239.72067,21.07963127499997,4.879603304866478e-05
497.832,250.37271,31.731671274999968,7.345383133245852e-05
498.405,238.73633,20.095291274999965,4.6517440669865075e-05
498.978,232.16431,13.523271274999956,3.1304247377588815e-05
499.552,232.67146,14.030421274999952,3.247821991239209e-05
500.125,232.1662,13.52516127499996,3.1308622430513556e-05
500.698,238.2092,19.568161274999966,4.529721757557176e-05
501.271,232.808,14.166961274999949,3.279428855066881e-05
501.844,233.08971,14.448671274999953,3.344640292073573e-05
502.417,236.522,17.880961274999947,4.139161477419125e-05
502.99,227.77995,9.13891127499997,2.11551431230485e-05
503.563,235.33026,16.689221274999966,3.8632923995079646e-05
504.136,245.58674,26.945701274999948,6.237506305405468e-05
504.709,241.75568,23.11464127499997,5.350676133033694e-05
505.282,238.80843,20.167391274999943,4.6684340836993715e-05
505.855,233.96993,15.328891274999961,3.54839738653962e-05
506.428,232.36774,13.726701274999954,3.1775155851915994e-05
507.002,227.85022,9.209181274999963,2.1317807127821487e-05
507.575,233.59413,14.953091274999963,3.461405593464776e-05
508.148,234.7024,16.061361274999967,3.71795267837978e-05
508.721,223.23107,4.590031274999944,1.062520092820279e-05
509.294,235.84842,17.20738127499996,3.9832382949301604e-05
509.867,232.38477,13.74373127499996,3.181457762509495e-05
510.44,224.07628,5.435241274999953,1.2581729225828927e-05
511.013,247.38212,28.741081274999942,6.65310855514127e-05
511.586,234.7962,16.155161274999955,3.739665904006229e-05
512.159,226.65131,8.010271274999951,1.8542518925709643e-05
512.732,247.274,28.632961274999957,6.628080474600422e-05
513.305,238.97081,20.329771274999956,4.7060225013669996e-05
513.878,234.68899,16.047951274999946,3.71484847416175e-05
514.452,225.52941,6.888371274999969,1.5945496768959594e-05
515.025,229.67276,11.031721274999967,2.5536700756097905e-05
515.598,214.47689,-4.164148725000047,-9.639349766314063e-06
516.171,232.76241,14.121371274999944,3.268875486662723e-05
516.744,217.93651,-0.7045287250000456,-1.6308732586612067e-06
517.317,225.81047,7.169431274999965,1.659610649119524e-05
517.89,222.79825,4.157211274999952,9.623290660010836e-06
518.463,201.7924,-16.848638725000058,-3.900195033416766e-05
519.036,239.85702,21.21598127499996,4.91116618668062e-05
519.609,227.47934,8.838301274999964,2.0459278223734248e-05
520.182,226.75835,8.117311274999963,1.8790299700875487e-05
520.755,234.21135,15.570311274999966,3.604282321835335e-05
521.328,240.97187,22.33083127499995,5.169236438169416e-05
521.902,239.21308,20.572041274999947,4.7621041983021826e-05
522.475,238.45856,19.81752127499996,4.5874446780498396e-05
523.048,235.60232,16.961281274999948,3.926270013195939e-05
523.621,227.49837,8.85733127499995,2.05033296825478e-05
524.194,228.8714,10.23036127499995,2.3681678316011185e-05
524.767,218.01474,-0.6262987250000549,-1.4497831050623697e-06
525.34,226.98356,8.342521274999967,1.931162545176389e-05
525.913,225.84228,7.201241274999944,1.6669741641214105e-05
526.486,245.46312,26.82208127499996,6.208890218497775e-05
527.059,233.15644,14.51540127499996,3.360087238193544e-05
527.632,225.65229,7.01125127499995,1.6229944654351697e-05
528.205,239.22411,20.583071274999952,4.764657469929686e-05
528.778,225.79879,7.157751274999953,1.6569069127088927e-05
529.351,234.47278,15.831741274999956,3.664799257608501e-05
529.925,254.04283,35.401791274999965,8.194958225315701e-05
530.498,261.64786,43.006821274999936,9.955403132415178e-05
531.071,250.98857,32.347531274999966,7.487945042993254e-05
531.644,229.01465,10.373611274999945,2.4013279549592105e-05
532.217,230.11653,11.475491274999968,2.656395855313952e-05
532.79,238.76165,20.12061127499996,4.657605248999957e-05
533.363,250.12414,31.483101274999967,7.287843085335756e-05
533.936,250.16717,31.526131274999955,7.297803853978676e-05
534.509,238.26188,19.620841274999947,4.541916349518808e-05
535.082,245.23142,26.59038127499997,6.155255310420498e-05
535.655,238.30233,19.661291274999968,4.5512798887148675e-05
536.228,239.08316,20.44212127499995,4.732029760419576e-05
536.801,257.01203,38.37099127499994,8.882281354634025e-05
537.375,259.87803,41.23699127499998,9.545715306077635e-05
537.948,243.99142,25.35038127499996,5.8682148010729505e-05
538.521,234.19214,15.55110127499995,3.5998355087832615e-05
539.094,243.66748,25.026441274999968,5.7932277828487233e-05
539.667,250.70134,32.060301274999944,7.421455812751398e-05
540.24,248.69849,30.05745127499995,6.957827519084681e-05
540.813,244.65216,26.011121274999965,6.021165725384482e-05
541.386,260.59854,41.95750127499997,9.712502045908278e-05
541.959,234.50569,15.864651274999943,3.672417405320294e-05
542.532,245.02751,26.386471274999963,6.108053350532547e-05
543.105,252.4462,33.80516127499996,7.82536347657411e-05
543.678,257.56498,38.92394127499995,9.010280588217677e-05
544.251,246.92044,28.27940127499997,6.546236891951297e-05
544.825,256.34871,37.70767127499994,8.728733200875628e-05
545.398,269.07567,50.43463127499996,0.00011674824395106142
545.971,240.2116,21.57056127499996,4.993245883297114e-05
546.544,221.51052,2.86948127499997,6.642398118864795e-06
547.117,236.70064,18.05960127499995,4.18051382950771e-05
547.69,270.65844,52.01740127499994,0.00012041210771702924
548.263,262.31907,43.67803127499997,0.00010110777697156449
548.836,260.40998,41.768941274999975,9.668853369744914e-05
549.409,239.25629,20.615251274999963,4.772106634115821e-05
549.982,233.1952,14.554161274999956,3.369059568953471e-05
550.555,244.45551,25.81447127499996,5.975644341381904e-05
551.128,234.05493,15.413891274999969,3.568073550486833e-05
551.701,244.21891,25.57787127499995,5.920875160324136e-05
552.275,224.55107,5.910031274999966,1.3680793447063804e-05
552.848,225.13274,6.4917012749999685,1.5027268068613702e-05
553.421,244.75572,26.114681274999953,6.0451382376006334e-05
553.994,242.54246,23.90142127499996,5.53280333621471e-05
554.567,238.22715,19.58611127499995,4.5338769004142596e-05
555.14,239.60003,20.95899127499996,4.851677041118341e-05
555.713,241.97748,23.33644127499997,5.402019346721828e-05
556.286,233.19796,14.55692127499995,3.36969846557105e-05
556.859,224.21137,5.570331274999944,1.2894441342020519e-05
557.432,256.49601,37.85497127499997,8.762830835574743e-05
558.005,240.80823,22.167191274999965,5.131356350306813e-05
558.578,238.53578,19.894741274999944,4.6053198942851716e-05
559.151,236.50868,17.867641274999954,4.136078106786458e-05
559.725,222.48268,3.841641274999944,8.892795712149488e-06
560.298,222.33921,3.6981712749999645,8.560685213148792e-06
560.871,222.57776,3.936721274999968,9.112890967220226e-06
561.444,225.95146,7.310421274999953,1.6922476180009006e-05
562.017,235.00211,16.361071274999944,3.7873308324576395e-05
562.59,233.94564,15.304601274999953,3.542774633336351e-05
563.163,215.61801,-3.023028725000046,-6.997836330615106e-06
563.736,234.11134,15.470301274999969,3.581131578819329e-05
564.309,235.84889,17.207851274999967,3.983347092542576e-05
564.882,222.33399,3.692951274999956,8.548601733642367e-06
565.455,232.68011,14.03907127499997,3.249824330276194e-05
566.028,233.4404,14.799361274999967,3.425819514834133e-05
566.601,226.81474,8.173701274999956,1.8920833687344083e-05
567.175,219.97612,1.3350812749999648,3.090503299970644e-06
567.748,220.62727,1.986231274999966,4.597813200467856e-06
568.321,215.01918,-3.6218587250000382,-8.384033654910172e-06
568.894,221.61965,2.978611274999963,6.895016915518792e-06
569.467,223.80233,5.161291274999968,1.1947578036024447e-05
570.04,234.89262,16.25158127499995,3.7619856184508165e-05
570.613,239.20788,20.566841274999945,4.760900480037176e-05
571.186,232.90377,14.262731274999965,3.301598104728348e-05
571.759,227.28533,8.644291274999944,2.0010175568746163e-05
572.332,229.23321,10.59217127499997,2.4519211595745384e-05
572.905,241.61624,22.97520127499996,5.318397964788997e-05
573.478,228.72768,10.086641274999948,2.3348989106306104e-05
574.051,227.52523,8.88419127499995,2.0565506360620982e-05
574.625,233.06964,14.428601274999949,3.339994402539213e-05
575.198,225.74014,7.099101274999953,1.6433303595853173e-05
575.771,233.0705,14.429461274999966,3.3401934790215064e-05
576.344,230.85962,12.218581274999963,2.828409510226102e-05
576.917,241.67349,23.032451274999943,5.331650439918144e-05
577.49,256.86205,38.22101127499997,8.847563342059883e-05
578.063,253.23055,34.58951127499995,8.006928172950516e-05
578.636,237.4372,18.796161274999946,4.3510158920601513e-05
579.209,230.89894,12.257901274999966,2.837511472183801e-05
579.782,247.71076,29.06972127499995,6.72918354948964e-05
580.355,223.34953,4.708491274999943,1.0899417208342386e-05
580.928,232.15358,13.512541274999961,3.1279409114158996e-05
581.501,225.48671,6.845671274999944,1.584665298066002e-05
582.074,221.35342,2.712381274999956,6.278736312263961e-06
582.648,236.14451,17.503471274999953,4.051778475908154e-05
583.221,223.55985,4.9188112749999675,1.1386274949680955e-05
583.794,223.34299,4.701951274999942,1.0884278136317117e-05
584.367,221.73456,3.0935212749999437,7.161015503656863e-06
584.94,235.21204,16.571001274999958,3.835926327721619e-05
585.513,252.73408,34.09304127499996,7.892003171599087e-05
586.086,221.64323,3.0021912749999444,6.949600909151129e-06
586.659,183.91159,-34.729448725000054,-8.039321493051182e-05
587.232,235.86291,17.221871274999955,3.986592502172454e-05
587.805,233.81796,15.176921274999955,3.513218720244823e-05
588.378,233.39245,14.751411274999953,3.414719843525086e-05
588.951,240.93512,22.294081274999968,5.1607293908157735e-05
589.524,208.1097,-10.53133872500004,-2.4378393804318856e-05
590.098,227.78921,9.148171274999953,2.1176578567536838e-05
590.671,238.65665,20.01561127499997,4.6332993994181116e-05
591.244,231.5713,12.930261274999964,2.9931522438490546e-05
591.817,203.00934,-15.631698725000035,-3.618492551605953e-05
592.39,256.72508,38.08404127499995,8.815856939991061e-05
592.963,237.21535,18.574311274999957,4.2996611041579334e-05
593.536,218.00233,-0.6387087250000434,-1.4785103044252707e-06
594.109,241.58104,22.940001274999958,5.310249718072034e-05
594.682,223.27564,4.634601274999966,1.0728373472570743e-05
595.255,263.05534,44.41430127499996,0.00010281212629267185
595.828,188.56293,-30.07810872500005,-6.962609394060367e-05
596.401,228.52986,9.88882127499997,2.2891066900184128e-05
596.974,218.77557,0.13453127499994366,3.114187556383749e-07
597.548,224.03333,5.3922912749999625,1.2482306726825103e-05
598.121,222.74399,4.102951274999953,9.497687288743113e-06
598.694,220.26627,1.6252312749999476,3.7621549434156864e-06
599.267,212.30892,-6.3321187250000435,-1.4657859548976939e-05
599.84,218.67913,0.03809127499994247,8.817531433613627e-08
600.413,227.93538,9.294341274999965,2.151493914214437e-05
600.986,232.03466,13.393621274999958,3.1004128006323426e-05
601.559,215.39545,-3.245588725000033,-7.513027748037573e-06
602.132,228.72737,10.086331274999964,2.3348271505032772e-05
602.705,247.83417,29.193131274999956,6.757751024698174e-05
603.278,211.29365,-7.34738872500003,-1.700805001611628e-05
603.851,196.72609,-21.914948725000045,-5.072966164797861e-05
604.424,236.56597,17.92493127499995,4.149339841286876e-05
604.998,212.86364,-5.77739872500004,-1.3373769941353785e-05
605.571,230.22386,11.582821274999958,2.6812410632722338e-05
606.144,213.95985,-4.681188725000055,-1.0836216096580655e-05
606.717,210.7367,-7.904338725000031,-1.829730172322205e-05
607.29,226.05873,7.417691274999953,1.7170789369022804e-05
607.863,225.02656,6.385521274999945,1.4781478058270726e-05
608.436,210.32263,-8.31840872500004,-1.9255808688589314e-05
609.009,202.40703,-16.234008725000052,-3.757917849335892e-05
609.582,197.82862,-20.812418725000043,-4.817747799659998e-05
610.155,210.99155,-7.6494887250000545,-1.770736403122838e-05
610.728,222.18987,3.5488312749999693,8.214986586810396e-06
611.301,198.64302,-19.998018725000037,-4.629227000617545e-05
611.874,215.85707,-2.783968725000051,-6.4444500067068575e-06
612.448,212.24476,-6.39627872500003,-1.480637986413609e-05
613.021,245.55994,26.918901274999968,6.231302526655058e-05
613.594,231.17843,12.537391274999948,2.902209014085043e-05
614.167,212.02329,-6.617748725000041,-1.5319048102887735e-05
614.74,213.97393,-4.667108725000048,-1.0803623109712788e-05
615.313,224.34389,5.702851274999944,1.320120431217162e-05
615.886,219.87774,1.2367012749999446,2.8627690636027627e-06
616.459,211.71416,-6.926878725000051,-1.6034635463005552e-05
617.032,223.40092,4.7598812749999695,1.1018376980724466e-05
617.605,236.58308,17.94204127499995,4.1533005373473093e-05
618.178,217.61366,-1.027378725000034,-2.3782202622325906e-06
618.751,218.77128,0.1302412749999462,3.0148807995208266e-07
619.324,235.41221,16.771171274999944,3.882262536395888e-05
619.898,240.51988,21.878841274999957,5.06460785766942e-05
620.471,222.58694,3.9459012749999545,9.134141224283183e-06
621.044,220.06961,1.4285712749999675,3.306917954961795e-06
621.617,231.72918,13.08814127499997,3.029698982248887e-05
622.19,221.57552,2.9344812749999676,6.7928629019905184e-06
622.763,203.74481,-14.896228725000043,-3.4482428069206004e-05
623.336,205.12114,-13.519898725000047,-3.129644045444548e-05
623.909,183.34277,-35.29826872500004,-8.170994382185914e-05
624.482,196.04691,-22.594128725000047,-5.230185659264527e-05
625.055,227.11168,8.470641274999963,1.9608203113518778e-05
625.628,228.97212,10.331081274999946,2.3914829284571533e-05
626.201,223.28083,4.639791274999965,1.0740387506792627e-05
626.774,238.19037,19.549331274999957,4.5253629085321625e-05
627.348,228.34097,9.699931274999955,2.2453816240420723e-05
627.921,233.48939,14.848351274999942,3.437159929796173e-05
628.494,227.7162,9.075161274999942,2.100757189344436e-05
629.067,222.60832,3.967281274999948,9.183632563717445e-06
629.64,230.29236,11.651321274999958,2.6970977365708684e-05
630.213,244.38225,25.741211274999955,5.9586858029022244e-05
630.786,240.41995,21.778911274999956,5.041475633395952e-05
631.359,233.89584,15.254801274999949,3.531246716106101e-05
631.932,227.17388,8.532841274999953,1.975218633675599e-05
632.505,222.07731,3.4362712749999673,7.954427879292975e-06
633.078,215.5524,-3.088638725000038,-7.149713167859381e-06
633.651,220.97063,2.329591274999956,5.392637630222455e-06
634.224,235.96348,17.32244127499996,4.009872876386232e-05
634.797,235.16288,16.521841274999957,3.824546560431679e-05
635.371,240.02086,21.379821274999955,4.9490925713995716e-05
635.944,242.31795,23.676911274999952,5.4808328001230805e-05
636.517,232.66503,14.023991274999958,3.2463335473076745e-05
637.09,228.48994,9.848901274999946,2.2798658374916702e-05
637.663,231.60872,12.967681274999961,3.0018143856714613e-05
638.236,248.53038,29.889341274999964,6.918912696482737e-05
638.809,253.9553,35.31426127499995,8.174696406135704e-05
639.382,243.98859,25.347551274999944,5.867559700555646e-05
639.955,247.95681,29.315771274999946,6.786140257009772e-05
640.528,250.22699,31.585951274999957,7.311651243711879e-05
641.101,242.01582,23.374781274999947,5.410894454083423e-05
641.674,230.79677,12.155731274999965,2.813860723119253e-05
642.247,222.14761,3.506571274999942,8.117161329350436e-06
642.821,223.24562,4.604581274999958,1.0658881891194813e-05
643.394,231.93808,13.29704127499997,3.078056048702679e-05
643.967,248.32778,29.686741274999946,6.872013981003851e-05
644.54,235.67732,17.036281274999965,3.943631334325835e-05
645.113,223.64752,5.006481274999942,1.1589217219475245e-05
645.686,229.81586,11.174821274999942,2.5867954763256186e-05
646.259,222.04295,3.4019112749999465,7.87488988008985e-06
646.832,228.97038,10.329341274999962,2.3910801458069435e-05
647.405,231.91595,13.274911274999965,3.0729333015479515e-05
647.978,222.55007,3.909031274999961,9.048792969608649e-06
648.551,222.61057,3.9695312749999516,9.188840960056421e-06
649.124,223.35663,4.715591274999952,1.091585259234537e-05
649.697,223.72347,5.082431274999948,1.176502953145063e-05
650.271,228.56423,9.923191274999965,2.297062804781537e-05
650.844,225.77393,7.132891274999963,1.65115221346504e-05
651.417,214.50189,-4.139148725000041,-9.581478695881078e-06
651.99,212.21474,-6.426298725000038,-1.4875871445512022e-05
652.563,223.93732,5.296281274999956,1.2260058667934298e-05
653.136,224.97621,6.335171274999965,1.4664925722418764e-05
653.709,234.76911,16.128071274999968,3.733394994814115e-05
654.282,235.25291,16.61187127499997,3.845387090316004e-05
654.855,216.8253,-1.8157387250000454,-4.2031497456941545e-06
655.428,227.16227,8.521231274999963,1.972531101164694e-05
656.001,252.61101,33.96997127499995,7.863514401046341e-05
656.574,242.5253,23.884261274999943,5.5288310659401866e-05
657.147,215.31087,-3.33016872500005,-7.708817153526446e-06
657.721,224.15449,5.513451274999966,1.2762773082571469e-05
658.294,219.81216,1.1711212749999618,2.710961671643028e-06
658.867,210.45074,-8.190298725000048,-1.8959254175262607e-05
659.44,216.20267,-2.438368725000032,-5.6444403290413985e-06
660.013,226.97254,8.331501274999965,1.928611588391703e-05
660.586,237.72682,19.08578127499996,4.4180583697353445e-05
661.159,217.25053,-1.3905087250000463,-3.2188091344856356e-06
661.732,208.88422,-9.756818725000045,-2.258550174544902e-05
662.305,207.21905,-11.421988725000034,-2.6440108559563927e-05
662.878,222.50995,3.8689112749999595,8.955921475777811e-06
663.451,225.37286,6.731821274999959,1.5583108125908295e-05
664.024,210.50953,-8.131508725000032,-1.882316456603239e-05
664.597,217.95741,-0.6836287250000339,-1.5824930437792144e-06
665.171,230.41179,11.770751274999952,2.7247439043381066e-05
665.744,226.45714,7.816101274999966,1.8093045895870862e-05
666.317,208.93053,-9.71050872500004,-2.247830137457897e-05
666.89,204.63888,-14.002158725000044,-3.241279655152569e-05
667.463,219.79528,1.154241274999947,2.671887124886651e-06
668.036,218.72464,0.08360127499994974,1.935238109523368e-07
668.609,218.74652,0.10548127499995985,2.44172571795298e-07
669.182,210.33071,-8.310328725000034,-1.923710475862536e-05
669.755,208.43842,-10.202618725000036,-2.361745867340977e-05
670.328,220.19712,1.5560812749999684,3.602083562598132e-06
670.901,229.69656,11.055521274999961,2.5591794015150084e-05
671.474,226.0275,7.386461274999959,1.709849682783795e-05
672.047,228.24639,9.605351274999947,2.223487840675868e-05
672.621,236.41009,17.769051274999953,4.11325607145051e-05
673.194,230.15415,11.513111274999943,2.6651042939927e-05
673.767,219.04386,0.40282127499995113,9.324679350968832e-07
674.34,225.91031,7.269271274999966,1.6827220398076363e-05
674.913,234.11914,15.478101274999943,3.5829371562168313e-05
675.486,219.90839,1.2673512749999531,2.933718995953607e-06
676.059,218.11859,-0.5224487250000323,-1.2093866784837483e-06
676.632,218.5352,-0.10583872500004077,-2.4500001236053595e-07
677.205,215.39475,-3.2462887250000563,-7.51464813800975e-06
677.778,214.52878,-4.112258725000032,-9.519232572523353e-06
678.351,224.3161,5.675061274999962,1.313687483027837e-05
678.924,226.93537,8.294331274999962,1.9200073176397277e-05
679.497,217.51522,-1.1258187250000447,-2.606093389169489e-06
680.071,210.37927,-8.261768725000053,-1.91246959914164e-05
680.644,218.98878,0.34774127499994734,8.049663927189487e-07
681.217,228.28964,9.648601274999947,2.2334995358607727e-05
681.79,225.02546,6.384421274999966,1.4778931731171722e-05
682.363,215.99229,-2.648748725000047,-6.131436960948986e-06
682.936,203.86024,-14.78079872500004,-3.421522576280288e-05
683.509,212.29881,-6.342228725000041,-1.4681262609860028e-05
684.082,205.37181,-13.269228725000033,-3.0716178805428114e-05
684.655,225.12096,6.479921274999953,1.4999999220225648e-05
685.228,216.91667,-1.7243687250000335,-3.991642557475698e-06
685.801,209.34187,-9.299168725000044,-2.152611393010302e-05
686.374,204.90748,-13.733558725000051,-3.179102977079385e-05
686.947,217.43857,-1.2024687250000454,-2.7835260911169854e-06
687.52,220.15442,1.5133812749999436,3.503239774298557e-06
688.094,211.85278,-6.788258725000048,-1.57137519516688e-05
688.667,221.05196,2.4109212749999642,5.580903796555021e-06
689.24,201.05588,-17.585158725000042,-4.070687836597935e-05
689.813,210.6704,-7.970638725000043,-1.845077580201032e-05
690.386,217.31915,-1.3218887250000364,-3.059964620361189e-06
690.959,215.81575,-2.8252887250000356,-6.5400993119184395e-06
691.532,218.82134,0.1803012749999482,4.17369111387072e-07
692.105,207.39435,-11.246688725000041,-2.603431661368794e-05
692.678,216.79521,-1.8458287250000467,-4.272803366067284e-06
693.251,229.11172,10.470681274999947,2.423798134186926e-05
693.824,210.13132,-8.509718725000056,-1.969866126797063e-05
694.397,215.71603,-2.9250087250000547,-6.770935437661526e-06
694.97,211.37687,-7.264168725000047,-1.681540879685904e-05
695.544,211.70629,-6.934748725000048,-1.6052853275977847e-05
696.117,204.574,-14.067038725000032,-3.256298355351331e-05
696.69,196.96265,-21.678388725000048,-5.018206243111365e-05
697.263,211.94698,-6.694058725000048,-1.5495693758277354e-05
697.836,219.91501,1.2739712749999512,2.9490432554042536e-06
698.409,217.20361,-1.4374287250000464,-3.3274215594742394e-06
698.982,215.1498,-3.491238725000045,-8.081668886111991e-06
699.555,227.35515,8.714111274999965,2.0171797894251416e-05
700.128,207.09385,-11.54718872500004,-2.6729926880292273e-05
700.701,199.77364,-18.867398725000044,-4.367506242005835e-05
701.274,206.37815,-12.262888725000039,-2.8386659884647412e-05
701.847,217.58237,-1.0586687250000466,-2.4506516939865288e-06
702.42,228.25003,9.608991274999966,2.2243304434613766e-05
702.994,222.20029,3.5592512749999514,8.239107248966818e-06
703.567,217.78336,-0.8576787250000564,-1.985391436133623e-06
704.14,230.41669,11.775651274999944,2.7258781773185913e-05
704.713,239.24112,20.60008127499995,4.7685950175619455e-05
705.286,231.63695,12.995911274999969,3.0083491869447546e-05
705.859,229.82055,11.179511274999953,2.5878811376069436e-05
706.432,223.4929,4.851861274999948,1.1231296223061408e-05
707.005,216.83065,-1.8103887250000525,-4.190765336621515e-06
707.578,226.33076,7.689721274999954,1.780049606061807e-05
708.151,231.42738,12.786341274999955,2.9598370260221988e-05
708.724,219.80254,1.1615012749999494,2.6886928837403914e-06
709.297,218.7078,0.06676127499994777,1.5454185790868177e-07
709.87,224.31848,5.67744127499995,1.314238415618356e-05
710.444,221.74741,3.106371274999958,7.190761233859445e-06
711.017,219.50246,0.8614212749999695,1.9940548511193786e-06
711.59,220.96649,2.325451274999949,5.383054180958739e-06
712.163,219.39533,0.7542912749999573,1.7460657400999754e-06
712.736,220.88513,2.2440912749999598,5.194718569341697e-06
713.309,208.3182,-10.322838725000054,-2.389574907690789e-05
713.882,196.04186,-22.59917872500003,-5.2313546548872693e-05
714.455,206.53606,-12.104978725000052,-2.8021123055364616e-05
715.028,216.1781,-2.4629387250000434,-5.70131601706295e-06
715.601,207.37552,-11.26551872500005,-2.6077905103938075e-05
716.174,217.89307,-0.7479687250000495,-1.7314300306455494e-06
716.747,218.85676,0.2157212749999644,4.993608439765454e-07
717.32,217.65597,-0.9850687250000476,-2.280279262631859e-06
717.894,216.43203,-2.2090087250000465,-5.113507980461166e-06
718.467,195.69612,-22.944918725000036,-5.311388030453255e-05
719.04,206.64868,-11.992358725000031,-2.776042545727811e-05
719.613,226.62252,7.981481274999965,1.847587460099906e-05
720.186,226.2332,7.592161274999967,1.757465999536047e-05
720.759,236.20787,17.56683127499997,4.0664453199986906e-05
721.332,214.23748,-4.403558725000039,-1.0193546285208368e-05
721.905,213.72613,-4.914908725000032,-1.1377241159844378e-05
722.478,224.27813,5.63709127499996,1.3048980248504768e-05
723.051,217.92648,-0.714558725000046,-1.6540911321189164e-06
723.624,205.97478,-12.666258725000034,-2.9320398031869333e-05
724.197,204.35272,-14.288318725000039,-3.307521197212966e-05
724.77,198.00723,-20.63380872500005,-4.776402392099867e-05
725.344,189.80938,-28.83165872500004,-6.674075811095649e-05
725.917,194.32148,-24.319558725000036,-5.6295955834931816e-05
726.49,203.80839,-14.832648725000041,-3.433525036288087e-05
727.063,209.70454,-8.936498725000035,-2.068658988554595e-05
727.636,198.3927,-20.248338725000053,-4.6871721460206754e-05
728.209,198.49756,-20.14347872500005,-4.662898704238269e-05
728.782,213.9292,-4.711838725000035,-1.0907166028931433e-05
729.355,222.50022,3.859181274999969,8.93339805516532e-06
729.928,209.33147,-9.309568725000048,-2.1550188295403143e-05
730.501,208.07668,-10.564358725000034,-2.445482991414671e-05
731.074,198.63718,-20.003858725000043,-4.63057886882286e-05
731.647,213.89057,-4.750468725000047,-1.099658840696449e-05
732.22,196.59958,-22.04145872500004,-5.102251241279761e-05
732.793,200.7787,-17.862338725000058,-4.134850649808384e-05
733.367,205.87217,-12.768868725000033,-2.9557924053354422e-05
733.94,212.36785,-6.27318872500004,-1.4521445861752328e-05
734.513,221.13255,2.491511274999965,5.7674569792027544e-06
735.086,227.8419,9.200861274999966,2.12985476355814e-05
735.659,209.45752,-9.183518725000056,-2.1258402358280115e-05
736.232,216.55125,-2.0897887250000338,-4.8375324197803755e-06
736.805,212.96457,-5.676468725000035,-1.3140132855801775e-05
737.378,211.76211,-6.878928725000037,-1.592363874991508e-05
737.951,202.64313,-15.99790872500003,-3.703264410418988e-05
738.524,218.28044,-0.3605987250000453,-8.347293685007126e-07
739.097,224.66785,6.026811274999943,1.3951120791270253e-05
739.67,212.16025,-6.480788725000053,-1.5002007230627765e-05
740.243,189.16018,-29.480858725000047,-6.824355406795995e-05
740.817,195.01112,-23.62991872500004,-5.469954763439601e-05
741.39,200.97273,-17.66830872500003,-4.089935754623939e-05
741.963,193.00414,-25.636898725000037,-5.934539087189871e-05
742.536,205.44987,-13.19116872500004,-3.0535482175108216e-05
743.109,230.65943,12.018391274999942,2.78206867186619e-05
743.682,210.56226,-8.078778725000035,-1.870110290427517e-05
744.255,235.37023,16.72919127499995,3.8725448262487845e-05
744.828,221.7749,3.1338612749999584,7.254396262907542e-06
745.401,213.97463,-4.666408725000053,-1.0802002719740676e-05
745.974,214.14867,-4.492368725000034,-1.0399127475814448e-05
746.547,221.5291,2.8880612749999557,6.685407898410547e-06
747.12,210.29167,-8.349368725000033,-1.932747622221349e-05
747.693,235.57802,16.936981274999965,3.920644945149858e-05
748.267,208.95528,-9.685758725000056,-2.2421009014850367e-05
748.84,202.15359,-16.487448725000036,-3.816585225698019e-05
749.413,221.26556,2.6245212749999496,6.075354222334307e-06
749.986,236.5093,17.868261274999952,4.136221627041131e-05
750.559,212.26273,-6.378308725000039,-1.476478213870889e-05
751.132,227.37911,8.738071274999953,2.0227261528154352e-05
751.705,228.97926,10.338221274999967,2.393135726228724e-05
752.278,221.91674,3.2757012749999603,7.582733568116061e-06
752.851,201.68091,-16.960128725000033,-3.9260032159870484e-05
753.424,191.74761,-26.893428725000035,-6.225406031714444e-05
753.997,217.86604,-0.7749987250000459,-1.794000231997671e-06
754.57,222.60787,3.9668312749999473,9.18259088444965e-06
755.143,217.47198,-1.169058725000042,-2.7061871925903525e-06
755.717,208.777,-9.864038725000057,-2.2833699192321984e-05
756.29,222.85372,4.212681274999966,9.751694991087548e-06
756.863,190.67838,-27.96265872500004,-6.472915970270635e-05
757.436,196.21721,-22.42382872500005,-5.190763886085587e-05
758.009,201.60213,-17.038908725000056,-3.9442395477018923e-05
758.582,219.39542,0.7543812749999574,1.7462740759535346e-06
759.155,223.99328,5.352241274999955,1.2389597271991462e-05
759.728,218.49663,-0.14440872500003366,-3.3428349982450996e-07
760.301,203.32375,-15.317288725000054,-3.545711578586634e-05
760.874,215.63321,-3.007828725000053,-6.962650719791874e-06
761.447,219.10596,0.46492127499996627,1.0762196740524226e-06
762.02,219.56191,0.9208712749999677,2.131672256608984e-06
762.593,189.04807,-29.59296872500005,-6.850307109620957e-05
763.167,194.46331,-24.177728725000037,-5.596764167815148e-05
763.74,207.56477,-11.076268725000034,-2.5639821100760433e-05
764.313,210.18638,-8.45465872500003,-1.9571206022448992e-05
764.886,196.12413,-22.516908725000036,-5.212310443029188e-05
765.459,206.45997,-12.181068725000046,-2.8197259445334395e-05
766.032,217.83747,-0.8035687250000478,-1.860135291288477e-06
766.605,219.47133,0.8302912749999507,1.9219937942161977e-06
767.178,218.14884,-0.49219872500003703,-1.1393626832598622e-06
767.751,210.66293,-7.978108725000055,-1.8468067677855724e-05
768.324,212.69104,-5.949998725000057,-1.3773311811623068e-05
768.897,214.2072,-4.433838725000044,-1.0263639725716795e-05
769.47,205.75967,-12.881368725000044,-2.9818343870302826e-05
770.043,195.36728,-23.27375872500005,-5.387509321657973e-05
770.617,197.89447,-20.74656872500003,-4.8025045597079506e-05
771.19,211.98215,-6.658888725000054,-1.5414280736392265e-05
771.763,205.35348,-13.287558725000054,-3.0758609874269615e-05
772.336,197.55157,-21.089468725000046,-4.881880519913819e-05
772.909,191.36391,-27.27712872500004,-6.314226550614973e-05
773.482,191.50278,-27.138258725000043,-6.282080328410865e-05
774.055,204.15226,-14.488778725000031,-3.353924536328939e-05
774.628,208.3316,-10.309438725000035,-2.3864730183155775e-05
775.201,197.11349,-21.52754872500003,-4.983289154054923e-05
775.774,199.3721,-19.268938725000055,-4.4604564404924613e-05
776.347,210.41411,-8.22692872500005,-1.9044046867661003e-05
776.92,209.24072,-9.400318725000034,-2.17602602810748e-05
777.493,212.43156,-6.209478725000054,-1.437396722586097e-05
778.067,213.756,-4.885038725000044,-1.1308096804891088e-05
778.64,217.65713,-0.9839087250000489,-2.277594044963772e-06
779.213,219.54467,0.9036312749999524,2.0917643664383706e-06
779.786,209.59337,-9.047668725000051,-2.094393096154733e-05
780.359,208.58672,-10.05431872500003,-2.3274167483601364e-05
780.932,210.65237,-7.988668725000053,-1.8492512418006605e-05
781.505,209.64927,-8.991768725000043,-2.0814531248059182e-05
782.078,222.06587,3.4248312749999457,7.927946077462796e-06
782.651,210.96862,-7.672418725000057,-1.7760443377029508e-05
783.224,207.06739,-11.573648725000055,-2.6791177621238564e-05
783.797,238.06175,19.420711274999945,4.4955894002158035e-05
784.37,228.80692,10.165881274999947,2.353241725115045e-05
784.943,209.58097,-9.060068725000036,-2.097263501248205e-05
785.516,192.78972,-25.851318725000056,-5.984173946878828e-05
786.09,207.79345,-10.847588725000037,-2.5110462845295953e-05
786.663,216.34202,-2.299018725000053,-5.321866982448056e-06
787.236,209.66041,-8.980628725000031,-2.0788743899074222e-05
787.809,229.6355,10.994461274999964,2.5450449712724595e-05
788.382,220.07907,1.4380312749999575,3.328816368013609e-06
788.955,224.66624,6.025201274999944,1.3947393894334371e-05
789.528,207.02254,-11.618498725000052,-2.689499832159531e-05
790.101,196.9112,-21.729838725000036,-5.030116109406468e-05
790.674,213.65145,-4.989588725000033,-1.1550113621441755e-05
791.247,193.03781,-25.603228725000037,-5.926745011423958e-05
791.82,243.06648,24.42544127499997,5.654105729527857e-05
792.393,215.12622,-3.5148187250000547,-8.136252879744393e-06
792.966,217.09373,-1.5473087250000503,-3.5817764882412507e-06
793.54,205.60635,-13.034688725000052,-3.017325557105418e-05
794.113,215.30093,-3.34010872500005,-7.731826691130596e-06
794.686,215.37834,-3.2626987250000354,-7.552634708641905e-06
795.259,201.27188,-17.369158725000034,-4.0206872317438444e-05
795.832,220.60218,1.9611412749999602,4.539733794181311e-06
796.405,218.2753,-0.3657387250000568,-8.466276605817583e-07
796.978,218.47322,-0.16781872500004624,-3.884739701779748e-07
797.551,209.91486,-8.72617872500004,-2.0199732144207444e-05
798.124,215.47604,-3.164998725000032,-7.326474565389839e-06
798.697,224.55168,5.910641274999961,1.3682205501182356e-05
799.27,211.91703,-6.724008725000033,-1.5565023300656022e-05
799.843,196.48118,-22.15985872500005,-5.129658980236819e-05
800.416,221.47191,2.8308712749999643,6.553022037688098e-06
800.99,215.6693,-2.9717387250000513,-6.879108042514831e-06
801.563,219.70451,1.063471274999955,2.4617688423586318e-06
802.136,225.66315,7.022111274999958,1.62550838473478e-05
802.709,229.34807,10.707031274999963,2.4785094441742618e-05
803.282,230.48617,11.845131274999943,2.741961705213323e-05
803.855,236.02639,17.385351274999948,4.0244355525499824e-05
804.428,221.36027,2.71923127499997,6.294592985562628e-06
805.001,226.96005,8.319011274999951,1.9257203497128682e-05
805.574,239.08175,20.440711274999956,4.731703367582335e-05
806.147,223.07526,4.434221274999942,1.0264525268836324e-05
806.72,212.88314,-5.757898725000047,-1.3328630506416081e-05
807.293,231.38738,12.746341274999963,2.9505776547529252e-05
807.866,226.1469,7.505861274999944,1.7374889060225793e-05
808.44,230.30114,11.66010127499996,2.6991301685644747e-05
809.013,233.37802,14.736981274999948,3.411379525339694e-05
809.586,229.28478,10.643741274999968,2.4638588039834518e-05
810.159,222.9753,4.33426127499996,1.0033133580817169e-05
810.732,216.20383,-2.4372087250000334,-5.641755111373311e-06
811.305,230.44443,11.803391274999967,2.732299551293839e-05
811.878,235.94306,17.30202127499996,4.005145967353266e-05
812.451,232.07695,13.435911274999967,3.110202270906786e-05
813.024,229.73396,11.092921274999952,2.567836913651779e-05
813.597,231.3271,12.686061274999958,2.936623782250125e-05
814.17,236.57196,17.930921274999946,4.1507264321344496e-05
814.743,229.67064,11.029601274999948,2.5531793289325146e-05
815.316,229.67164,11.030601274999952,2.5534108132142475e-05
815.89,240.56892,21.927881274999947,5.07595984684555e-05
816.463,235.2872,16.64616127499997,3.85332468633659e-05
817.036,228.66645,10.025411274999954,2.320725128060168e-05
817.609,230.97843,12.337391274999959,2.8559121577386673e-05
818.182,232.18021,13.539171274999944,3.134105337838416e-05
818.755,213.78832,-4.852718725000045,-1.1233281085035345e-05
819.328,226.94471,8.303671274999942,1.9221693808310992e-05
819.901,251.30197,32.66093127499997,7.56049221688803e-05
820.474,237.66353,19.022491274999965,4.4034077295445346e-05
821.047,230.05271,11.411671274999946,2.641622528453818e-05
821.62,244.49734,25.856301274999964,5.98532732888675e-05
822.193,228.8406,10.199561274999951,2.3610381157237763e-05
822.766,242.0476,23.406561274999945,5.418251024556862e-05
823.34,244.14525,25.50421127499996,5.9038240281317676e-05
823.913,236.35789,17.716851274999954,4.101172591944105e-05
824.486,227.22304,8.582001274999953,1.9865984009655388e-05
825.059,235.45855,16.81751127499996,3.892989518011347e-05
825.632,256.70996,38.06892127499998,8.812356897651283e-05
826.205,208.94155,-9.699488725000037,-2.245279180673211e-05
826.778,243.78659,25.145551274999946,5.820799875645804e-05
827.351,237.4559,18.81486127499997,4.355344648128543e-05
827.924,235.70546,17.064421274999944,3.950145302013765e-05
828.497,240.3134,21.672361274999957,5.0168109831774194e-05
829.07,211.29712,-7.343918725000037,-1.70000175115402e-05
829.643,237.38272,18.741681274999962,4.3384046283914015e-05
830.216,229.82617,11.185131274999947,2.5891820792702753e-05
830.79,229.72219,11.081151274999968,2.565112343655798e-05
831.363,223.35756,4.7165212749999625,1.0918005396165502e-05
831.936,204.93867,-13.702368725000042,-3.171882982332165e-05
832.509,245.47768,26.83664127499995,6.212260629639788e-05
833.082,233.57324,14.932201274999954,3.4565698868193946e-05
833.655,223.04659,4.405551274999965,1.0198158725263845e-05
834.228,219.55256,0.9115212749999557,2.1100284762670243e-06
834.801,223.7911,5.150061274999956,1.1921582351185928e-05
835.374,219.91949,1.2784512749999521,2.959413751225845e-06
835.947,209.19939,-9.44164872500005,-2.185593273471463e-05
836.52,215.91295,-2.728088725000049,-6.315096590075072e-06
837.093,222.01519,3.374151274999946,7.810629843481074e-06
837.666,237.09942,18.458381274999965,4.2728251313767575e-05
838.239,237.25053,18.609491274999954,4.307804721189261e-05
838.813,229.96253,11.321491274999943,2.620747275927235e-05
839.386,214.04231,-4.598728725000058,-1.0645334157864543e-05
839.959,217.708,-0.9330387250000456,-2.1598379908467513e-06
840.532,226.36983,7.728791274999963,1.7890936969490744e-05
841.105,207.72139,-10.91964872500003,-2.5277270418711937e-05
841.678,196.69355,-21.947488725000056,-5.080498663325419e-05
842.251,211.99551,-6.645528725000048,-1.5383354436352868e-05
842.824,212.66722,-5.973818725000058,-1.3828451367531606e-05
843.397,204.41621,-14.224828725000037,-3.2928242601658076e-05
843.97,221.52275,2.881711274999958,6.670708646520578e-06
844.543,229.91014,11.269101274999969,2.6086198144073073e-05
845.116,225.52879,6.8877512749999426,1.5944061566412797e-05
845.689,205.16756,-13.473478725000035,-3.118898545086551e-05
846.263,193.59837,-25.042668725000055,-5.796984182456334e-05
846.836,212.11181,-6.529228725000053,-1.511413821669869e-05
847.409,218.7743,0.13326127499996687,3.0847890526043364e-07
847.982,199.83847,-18.802568725000043,-4.352499116021157e-05
848.555,196.62594,-22.01509872500003,-5.096149315613306e-05
849.128,226.52634,7.885301274999961,1.825323301882932e-05
849.701,231.09496,12.453921274999942,2.8828870210888804e-05
850.274,207.40155,-11.239488725000058,-2.6017649745403282e-05
850.847,213.09146,-5.549578725000032,-1.284640245071217e-05
851.42,240.87708,22.236041274999963,5.147294043104053e-05
851.993,229.81015,11.169111274999949,2.585473701076931e-05
852.566,235.99187,17.350831274999962,4.016444715144601e-05
853.139,212.03064,-6.610398725000039,-1.5302034008180434e-05
853.713,225.62367,6.98263127499996,1.6163693852920057e-05
854.286,230.37457,11.733531274999962,2.716128059372048e-05
854.859,199.61593,-19.025108725000052,-4.404013628077774e-05
855.432,229.95026,11.309221274999942,2.6179069637903846e-05
856.005,231.56533,12.924291274999945,2.991770282687111e-05
856.578,233.53095,14.889911274999946,3.446780416544951e-05
857.151,214.25603,-4.385008725000034,-1.0150605950947091e-05
857.724,222.15482,3.513781274999957,8.13385134606334e-06
858.297,219.41143,0.7703912749999517,1.7833347094587973e-06
858.87,235.6315,16.990461274999944,3.933024724536875e-05
859.443,219.08456,0.4435212749999664,1.0266820377617984e-06
860.016,225.04325,6.4022112749999565,1.4820112784891805e-05
860.589,218.705,0.06396127499996851,1.4806029802023682e-07
861.163,225.81868,7.1776412749999565,1.661511135072541e-05
861.736,222.58301,3.9419712749999576,9.125043892011126e-06
862.309,231.58724,12.946201274999964,2.996842103299861e-05
862.882,229.95489,11.313851274999962,2.6189787360148078e-05
863.455,231.65634,13.015301274999956,3.012837667167533e-05
864.028,230.0953,11.454261274999965,2.6514814440127834e-05
864.601,220.3621,1.721061274999954,3.983986330599373e-06
865.174,223.91704,5.276001274999942,1.2213113655599038e-05
865.747,231.29744,12.65640127499995,2.929757958453956e-05
866.32,236.50838,17.867341274999944,4.136008661501935e-05
866.893,237.76727,19.126231274999952,4.427421908931398e-05
867.466,229.74917,11.108131274999948,2.57135778957692e-05
868.039,215.58724,-3.0537987250000356,-7.0690640441039845e-06
868.613,214.02711,-4.613928725000051,-1.0680519768687774e-05
869.186,232.03812,13.397081274999948,3.1012137362471326e-05
869.759,217.21794,-1.4230987250000453,-3.2942498619020567e-06
870.332,223.07471,4.433671274999966,1.0263252105286855e-05
870.905,223.7773,5.136261274999953,1.1889637520306918e-05
871.478,214.92026,-3.720778725000031,-8.613017906399342e-06
872.051,241.90387,23.262831274999968,5.384979788743543e-05
872.624,223.76892,5.1278812749999645,1.1870239137497813e-05
873.197,212.94165,-5.699388725000034,-1.3193189053174722e-05
873.77,229.97008,11.329041274999952,2.622494982254313e-05
874.343,208.91369,-9.727348725000041,-2.2517283327622626e-05
874.916,227.05554,8.414501274999964,1.9478247837754495e-05
875.489,211.04724,-7.593798725000056,-1.7578450434731892e-05
876.063,213.01722,-5.623818725000035,-1.3018256381469934e-05
876.636,240.39787,21.756831274999968,5.0363644604553144e-05
877.209,218.31671,-0.3243287250000435,-7.507700195165515e-07
877.782,231.01112,12.370081274999961,2.863479378908483e-05
878.355,229.67073,11.029691274999948,2.5532001625178703e-05
878.928,233.59981,14.958771274999947,3.4627204241850096e-05
879.501,218.50703,-0.1340087250000579,-3.1020913452444935e-07
880.074,229.14269,10.501651274999944,2.4309672023921615e-05
880.647,229.43108,10.790041274999965,2.4977249544008265e-05
881.22,225.92702,7.285981274999955,1.6865901421553736e-05
881.793,215.65479,-2.9862487250000527,-6.912696411794131e-06
882.366,223.70592,5.064881274999948,1.1724404040006684e-05
882.939,214.36968,-4.271358725000056,-9.887524064758846e-06
883.513,234.2228,15.581761274999963,3.606932816861164e-05
884.086,235.65518,17.014141274999957,3.938506272328289e-05
884.659,220.92097,2.279931274999967,5.277682535914424e-06
885.232,225.61432,6.973281274999948,1.6142050072578095e-05
885.805,226.74109,8.10005127499997,1.875034551384858e-05
886.378,210.95339,-7.687648725000031,-1.7795698433137214e-05
886.951,223.35294,4.711901274999946,1.0907310822349449e-05
887.524,221.41995,2.778911274999956,6.432742804900189e-06
888.097,211.42485,-7.216188725000052,-1.6704342638484088e-05
888.67,219.67003,1.028991274999953,2.381953062017471e-06
889.243,222.96025,4.319211274999958,9.998295196416514e-06
889.816,209.03072,-9.610318725000042,-2.2246377272711793e-05
890.389,227.90541,9.264371274999945,2.1445563302909277e-05
890.962,225.92734,7.286301274999943,1.686664217125525e-05
891.536,230.98439,12.343351274999947,2.8572918040577864e-05
892.109,208.7098,-9.931238725000043,-2.298925662964578e-05
892.682,219.47528,0.8342412749999539,1.931137423344615e-06
893.255,224.39102,5.7499812749999535,1.3310302854151884e-05
893.828,219.2345,0.593461274999953,1.373769569790565e-06
894.401,210.03316,-8.607878725000035,-1.9925886238918606e-05
894.974,235.61946,16.97842127499996,3.930237653784826e-05
895.547,217.21026,-1.4307787250000388,-3.312027854739051e-06
896.12,218.21868,-0.4223587250000378,-9.77694060898311e-07
896.693,223.02259,4.381551274999964,1.014260249764819e-05
897.266,231.56926,12.92822127499997,2.992680015914323e-05
897.839,212.32206,-6.318978725000051,-1.4627442514357386e-05
898.412,229.25071,10.609671274999954,2.4559721345048428e-05
898.986,218.43792,-0.2031187250000528,-4.701879216293476e-07
899.559,231.92895,13.287911274999942,3.07594259721046e-05
900.132,224.1452,5.5041612749999445,1.2741268192798528e-05
900.705,211.66912,-6.971918725000052,-1.6138895983497597e-05
901.278,202.89478,-15.746258725000047,-3.645011390921161e-05
901.851,219.91854,1.2775012749999632,2.957214650549417e-06
902.424,233.71613,15.075091274999949,3.489646675836063e-05
902.997,225.42011,6.77907127499995,1.5692484449026594e-05
903.57,215.71882,-2.92221872500005,-6.764477026201195e-06
904.143,217.28633,-1.3547087250000516,-3.135937761625631e-06
904.716,220.96176,2.320721274999954,5.3721049744328315e-06
905.289,223.16205,4.52101127499995,1.046543047695145e-05
905.862,209.1712,-9.469838725000045,-2.192118815373484e-05
906.436,213.84446,-4.796578725000046,-1.1103325809271062e-05
907.009,209.27684,-9.364198725000051,-2.1676648158513285e-05
907.582,202.80625,-15.834788725000038,-3.6655046943828836e-05
908.155,203.28943,-15.351608725000034,-3.553656119135667e-05
908.728,206.9038,-11.737238725000054,-2.7169862757723763e-05
909.301,225.01988,6.378841274999957,1.4766014908251061e-05
909.874,235.90945,17.26841127499995,3.997365780644255e-05
910.447,224.42925,5.788211274999952,1.3398799295057983e-05
911.02,224.07288,5.431841274999954,1.2573858760250046e-05
911.593,241.14322,22.50218127499997,5.20890126984418e-05
912.166,210.95903,-7.682008725000031,-1.7782642719647537e-05
912.739,227.29747,8.65643127499996,2.0038277760548452e-05
913.312,226.53284,7.891801274999949,1.8268279497141867e-05
913.886,219.3636,0.722561274999947,1.6726157775064226e-06
914.459,209.07305,-9.567988725000049,-2.21483899762547e-05
915.032,238.12295,19.48191127499996,4.5097562382577985e-05
915.605,216.93667,-1.7043687250000517,-3.945345701129362e-06
916.178,209.25568,-9.385358725000032,-2.1725630232527708e-05
916.751,213.32684,-5.31419872500004,-1.2301534748371663e-05
917.324,220.98789,2.346851274999949,5.432591817249364e-06
917.897,237.62593,18.984891274999967,4.394703920551416e-05
918.47,214.18563,-4.455408725000041,-1.0313570885286356e-05
919.043,221.20525,2.5642112749999626,5.9357460520218335e-06
919.616,221.64155,3.000511274999951,6.945711973218049e-06
920.189,231.43408,12.79304127499995,2.9613879707098016e-05
920.762,242.18342,23.54238127499997,5.449691219701693e-05
921.336,246.46021,27.819171274999945,6.439700880969822e-05
921.909,235.12007,16.479031274999954,3.814636718330736e-05
922.482,223.6617,5.020661274999952,1.1622041690624851e-05
923.055,238.43822,19.797181274999957,4.582736287759412e-05
923.628,224.90929,6.268251274999955,1.4510016441083758e-05
924.201,231.73352,13.092481274999955,3.0307036240315998e-05
924.774,242.51682,23.87578127499995,5.526868079231102e-05
925.347,236.69676,18.055721274999968,4.1796156704945946e-05
925.92,195.89003,-22.751008725000048,-5.266500913382626e-05
926.493,212.98959,-5.651448725000051,-1.3082215488512494e-05
927.066,222.07055,3.4295112749999532,7.938779541847866e-06
927.639,233.09302,14.451981274999952,3.345406505046105e-05
928.212,222.96568,4.324641274999948,1.0010864792914532e-05
928.786,243.0076,24.366561274999953,5.6404759350194795e-05
929.359,231.40106,12.760021274999957,2.953744359727016e-05
929.932,221.29734,2.6563012749999473,6.1489199270686966e-06
930.505,243.67029,25.02925127499995,5.793878253680386e-05
931.078,217.50706,-1.1339787250000484,-2.62498250655882e-06
931.651,214.31982,-4.321218725000051,-1.0002942127630356e-05
932.224,234.82311,16.18207127499997,3.745895146027637e-05
932.797,219.56127,0.9202312749999635,2.13019075720589e-06
933.37,206.23316,-12.407878725000046,-2.8722288944730498e-05
933.943,230.73099,12.089951274999947,2.7986336870669254e-05
934.516,230.63144,11.990401274999954,2.775589426820517e-05
935.089,216.59806,-2.04297872500004,-4.7291746275016925e-06
935.662,218.43003,-0.21100872500005607,-4.884520314580014e-07
936.236,217.25083,-1.3902087250000363,-3.218114681640417e-06
936.809,229.71689,11.075851274999962,2.5638854769626178e-05
937.382,221.60826,2.9672212749999574,6.868650855829516e-06
937.955,223.46755,4.826511274999945,1.1172614957642367e-05
938.528,225.55894,6.917901274999963,1.601385407735501e-05
939.101,245.33841,26.697371274999966,6.180021813722992e-05
939.674,238.78552,20.144481274999947,4.663130778804895e-05
940.247,238.86739,20.226351274999956,4.682082396950287e-05
940.82,221.62729,2.986251274999944,6.912702314643064e-06
941.393,227.83171,9.190671274999943,2.1274959387272865e-05
941.966,204.16943,-14.471608725000038,-3.349949951211604e-05
942.539,229.54928,10.908241274999966,2.5250863965015365e-05
943.112,216.57983,-2.061208725000057,-4.771374212061455e-06
943.685,225.88693,7.245891274999963,1.677309937300744e-05
944.259,215.87893,-2.762108725000047,-6.393847542720258e-06
944.832,255.6329,36.99186127499996,8.563034437169128e-05
945.405,225.11926,6.478221274999953,1.4996063987436206e-05
945.978,227.6947,9.053661274999968,2.095780277287206e-05
946.551,226.56288,7.921841274999963,1.833781737537416e-05
947.124,224.72971,6.088671274999967,1.4094316967949657e-05
947.697,237.19549,18.554451274999963,4.295063826322739e-05
948.27,220.89859,2.257551274999969,5.225876353662831e-06
948.843,221.92711,3.286071274999955,7.606738488131646e-06
949.416,221.20671,2.565671274999943,5.939125722535074e-06
949.989,218.57878,-0.06225872500004925,-1.441191623817974e-07
950.562,220.40167,1.7606312749999518,4.0755846608806765e-06
951.135,220.84863,2.20759127499997,5.110226806509581e-06
951.709,209.25355,-9.387488725000054,-2.1730560847728648e-05
952.282,208.81032,-9.830718725000054,-2.2756568629648908e-05
952.855,203.08306,-15.557978725000055,-3.601427530356683e-05
953.428,216.68576,-1.9552787250000563,-4.526162912422861e-06
954.001,215.7368,-2.904238725000056,-6.7228561523458146e-06
954.574,212.60268,-6.038358725000052,-1.3977851322961353e-05
955.147,222.34953,3.7084912749999432,8.584574391023473e-06
955.72,225.06996,6.428921274999965,1.4881942236542411e-05
956.293,233.44425,14.803211274999967,3.426710729318801e-05
956.866,218.89024,0.2492012749999617,5.768617815003763e-07
957.439,207.46148,-11.17955872500005,-2.587892121536134e-05
958.012,225.64685,7.005811274999957,1.62173519094255e-05
958.585,245.61646,26.975421274999945,6.24438601825854e-05
959.159,191.868,-26.77303872500005,-6.197537639036746e-05
959.732,206.26537,-12.375668725000054,-2.8647727857584675e-05
960.305,249.34997,30.70893127499997,7.108634898947378e-05
960.878,235.72348,17.08244127499995,3.954316648770576e-05
961.451,211.32294,-7.3180987250000555,-1.6940248269997067e-05
962.024,209.59166,-9.049378725000054,-2.094788934276495e-05
962.597,235.89961,17.25857127499995,3.995087975312014e-05
963.17,224.49074,5.849701274999944,1.3541138979894904e-05
963.743,221.67896,3.0379212749999454,7.032310243013936e-06
964.316,225.85613,7.215091274999963,1.6701802214234018e-05
964.889,220.11305,1.472011274999943,3.4074747269460723e-06
965.462,230.04348,11.402441274999944,2.639485928533432e-05
966.035,233.15591,14.514871274999962,3.359964551524226e-05
966.609,228.33924,9.698201274999946,2.244981156234674e-05
967.182,224.7114,6.070361274999954,1.4051932195964517e-05
967.755,225.63384,6.992801274999948,1.6187235804372162e-05
968.328,231.5003,12.859261274999966,2.9767168598460908e-05
968.901,238.71825,20.077211274999968,4.647558831172795e-05
969.474,209.04846,-9.592578725000038,-2.2205311961132547e-05
970.047,215.98847,-2.6525687250000374,-6.1402796605111215e-06
970.62,221.87846,3.237421274999946,7.494121385069059e-06
971.193,211.40059,-7.24044872500005,-1.6760500725232242e-05
971.766,213.55797,-5.083068725000032,-1.1766505128004725e-05
972.339,212.1534,-6.487638725000039,-1.5017863903926366e-05
972.912,229.96398,11.322941274999948,2.6210829281357476e-05
973.485,202.60234,-16.038698725000046,-3.7127066542708354e-05
974.059,229.43322,10.792181274999962,2.4982203307637323e-05
974.632,211.67757,-6.963468725000041,-1.611933556169123e-05
975.205,241.72992,23.08888127499995,5.344713097936276e-05
975.778,230.87459,12.233551274999968,2.8318748299236298e-05
976.351,227.22785,8.586811274999945,1.9877118403606675e-05
976.924,220.55457,1.9135312749999684,4.429524127648777e-06
977.497,230.35847,11.717431274999967,2.7124011624361656e-05
978.07,241.08353,22.442491274999952,5.1950839730675995e-05
978.643,227.57881,8.93777127499996,2.0689535638772955e-05
979.216,223.75871,5.117671274999964,1.1846604592332986e-05
979.789,229.63764,10.99660127499996,2.5455403476353652e-05
980.362,231.48731,12.846271274999964,2.973709879026393e-05
980.935,232.27353,13.63249127499995,3.155707451009637e-05
981.509,239.93692,21.295881274999942,4.929661780790994e-05
982.082,234.99195,16.35091127499996,3.7849789521552475e-05
982.655,226.69746,8.056421274999963,1.8649348921728936e-05
983.228,218.04511,-0.59592872500005,-1.379481328700383e-06
983.801,232.80644,14.165401274999965,3.279067739587383e-05
984.374,234.37376,15.73272127499996,3.64187768403141e-05
984.947,227.77737,9.136331274999947,2.1149170828579767e-05
985.52,215.98753,-2.6535087250000515,-6.142455612759434e-06
986.093,233.80491,15.163871274999963,3.510197850368224e-05
986.666,224.91505,6.274011274999964,1.4523349935711536e-05
987.239,245.78367,27.142631274999957,6.283092505006932e-05
987.812,224.60404,5.963001274999954,1.3803410671097158e-05
988.385,248.51195,29.87091127499997,6.91464644117042e-05
988.958,233.66848,15.027441274999944,3.4786164498115374e-05
989.532,246.75051,28.109471274999947,6.506900767956591e-05
990.105,239.39173,20.75069127499995,4.803458865233586e-05
990.678,251.24668,32.605641274999954,7.54769345095107e-05
991.251,259.72343,41.082391274999964,9.509927836121882e-05
991.824,249.01458,30.37354127499995,7.030997385697315e-05
992.397,232.18969,13.548651274999969,3.13629980882924e-05
992.97,216.25336,-2.3876787250000575,-5.527100946631561e-06
993.543,222.83706,4.196021274999964,9.713129709751012e-06
994.116,251.1399,32.49886127499997,7.522975559347742e-05
994.689,253.81753,35.17649127499996,8.142804816641505e-05
995.262,241.58799,22.946951274999947,5.311858533830068e-05
995.835,244.04788,25.406841274999948,5.8812844036195304e-05
996.408,256.04911,37.40807127499994,8.659380510068754e-05
996.982,243.50739,24.866351274999943,5.756169464186259e-05
997.555,252.69782,34.05678127499996,7.883609551543489e-05
998.128,258.85856,40.21752127499997,9.309724025380422e-05
998.701,224.36018,5.71914127499997,1.3238913101665806e-05
999.274,251.9017,33.26066127499996,7.699320285171095e-05
999.847,261.10493,42.46389127499998,9.829723371334493e-05
1000.42,236.18281,17.541771274999945,4.060644323898484e-05
1000.993,244.26468,25.623641274999954,5.931470195899006e-05
1001.566,251.26527,32.62423127499994,7.551996743748463e-05
1002.139,260.41462,41.77358127499997,9.669927456812148e-05
1002.712,260.91103,42.26999127499994,9.784838569106669e-05
1003.285,270.72029,52.07925127499993,0.00012055528074528039
1003.858,263.52688,44.88584127499996,0.00010390366727475043
1004.432,249.9754,31.334361274999964,7.253412113270954e-05
1005.005,247.74027,29.099231274999966,6.736014650643553e-05
1005.578,240.51724,21.876201274999943,5.063996739165645e-05
1006.151,246.18095,27.53991127499995,6.375056580453376e-05
1006.724,236.08634,17.445301274999963,4.038313035239813e-05
1007.297,246.18734,27.546301274999962,6.376535765013646e-05
1007.87,241.21545,22.57441127499996,5.225621379513673e-05
1008.443,236.89109,18.250051274999947,4.224600010963548e-05
1009.016,230.71525,12.074211274999954,2.794990124472467e-05
1009.589,237.08791,18.44687127499995,4.27016074729402e-05
1010.162,251.05353,32.41249127499995,7.502982261934554e-05
1010.735,240.69679,22.05575127499995,5.105559741950607e-05
1011.308,259.18532,40.544281274999946,9.38536382927913e-05
1011.882,218.88481,0.24377127499994344,5.642921850022924e-07
1012.455,244.05091,25.409871274999944,5.881985800993177e-05
1013.028,250.12474,31.48370127499996,7.287981975904793e-05
1013.601,228.21232,9.571281274999961,2.2156011711972662e-05
1014.174,233.65079,15.009751274999957,3.4745214928677036e-05
1014.747,238.69494,20.05390127499996,4.642162932565623e-05
1015.32,254.21187,35.57083127499996,8.234088328299658e-05
1015.893,243.55331,24.912271274999966,5.766799222403393e-05
1016.466,243.98394,25.342901274999946,5.866483298645593e-05
1017.039,248.03298,29.391941274999965,6.803772414749295e-05
1017.612,254.19662,35.55558127499995,8.230558193003245e-05
1018.185,233.83515,15.194111274999955,3.5171979350477945e-05
1018.758,232.19068,13.549641274999942,3.136528978268148e-05
1019.332,244.92188,26.280841274999943,6.083601665853202e-05
1019.905,244.36741,25.726371274999963,5.955250576161325e-05
1020.478,236.85909,18.218051274999965,4.217192513948132e-05
1021.051,250.26389,31.62285127499996,7.320193013707787e-05
1021.624,260.23618,41.595141274999946,9.628621401579904e-05
1022.197,235.07475,16.43371127499995,3.804145850682646e-05
1022.77,230.85029,12.209251274999957,2.826249761877542e-05
1023.343,237.80876,19.167721274999963,4.437026191780457e-05
1023.916,238.32201,19.680971274999962,4.5558354993793496e-05
1024.489,252.29883,33.657791274999965,7.791249637975282e-05
1025.062,234.22767,15.586631274999945,3.608060145313194e-05
1025.635,225.03867,6.397631274999952,1.4809510804788473e-05
1026.208,231.82034,13.179301274999943,3.05080108937156e-05
1026.782,242.20202,23.56098127499996,5.4539968273419046e-05
1027.355,245.34514,26.704101274999942,6.181579702939042e-05
1027.928,255.78175,37.140711274999944,8.597490872504916e-05
1028.501,248.04479,29.403751274999962,6.806506244116547e-05
1029.074,235.9208,17.27976127499997,3.9999931272419167e-05
1029.647,240.90316,22.26212127499997,5.1533311531716225e-05
1030.22,237.64805,19.007011274999968,4.3998243528633255e-05
1030.793,253.4621,34.82106127499995,8.060528358385535e-05
1031.366,241.34991,22.70887127499995,5.2567467560353404e-05
1031.939,234.60716,15.96612127499995,3.6959061153876305e-05
1032.512,269.59703,50.955991274999974,0.00011795511040229885
1033.085,237.51492,18.873881274999945,4.3690068504363535e-05
1033.658,243.61634,24.975301274999964,5.7813896766809537e-05
1034.232,239.92556,21.284521274999946,4.92703211935052e-05
1034.805,235.99088,17.34984127499996,4.0162155457056854e-05
1035.378,235.70992,17.068881274999967,3.951177721910295e-05
1035.951,231.28363,12.642591274999944,2.926561160523237e-05
1036.524,234.7189,16.077861274999947,3.7217721690283515e-05
1037.097,243.0666,24.42556127499995,5.6541335076416605e-05
1037.67,227.13584,8.494801274999958,1.966412971598519e-05
1038.243,243.91819,25.277151274999966,5.851263207121726e-05
1038.816,244.03011,25.389071274999964,5.877170927933158e-05
1039.389,235.16154,16.52050127499996,3.8242363714941585e-05
1039.962,220.67938,2.038341274999965,4.7184396596783425e-06
1040.535,216.75521,-1.8858287250000387,-4.365397078760022e-06
1041.108,247.83655,29.195511274999944,6.758301957288694e-05
1041.681,226.98057,8.339531274999956,1.9304704071740078e-05
1042.255,236.8921,18.251061274999955,4.224833810088099e-05
1042.828,222.13957,3.498531274999948,8.098549993099206e-06
1043.401,237.63359,18.992551274999954,4.3964770901494795e-05
1043.974,229.24752,10.606481274999965,2.4552336996461205e-05
1044.547,218.42032,-0.2207187250000402,-5.109291552141312e-07
1045.12,225.73659,7.095551274999963,1.6425085903851713e-05
1045.693,228.88551,10.244471274999967,2.3714340748163593e-05
1046.266,231.20834,12.567301274999949,2.909132708951644e-05
1046.839,217.76599,-0.875048725000056,-2.0256002558704516e-06
1047.412,213.84105,-4.799988725000048,-1.1111219423278125e-05
1047.985,223.64507,5.00403127499996,1.1583545854572857e-05
1048.558,230.16751,11.526471274999949,2.6681969239966397e-05
1049.131,232.34679,13.705751274999955,3.1726659894893165e-05
1049.705,237.16976,18.528721274999953,4.2891077357537754e-05
1050.278,240.54311,21.90207127499997,5.069985237534055e-05
1050.851,230.52335,11.88231127499995,2.750568290808116e-05
1051.424,236.73474,18.093701274999944,4.188407443514766e-05
1051.997,242.60539,23.964351274999956,5.5473706420640966e-05
1052.57,218.3426,-0.29843872500003954,-6.908387389761556e-07
1053.143,220.37942,1.7383812749999663,4.024079408195365e-06
1053.716,206.46492,-12.176118725000038,-2.8185800973388647e-05
1054.289,246.30818,27.66714127499995,6.404508325618125e-05
1054.862,222.34578,3.7047412749999467,8.575893730458535e-06
1055.435,226.76056,8.119521274999954,1.879541550350174e-05
1056.008,245.93383,27.292791274999956,6.317852184751793e-05
1056.581,243.78857,25.14753127499995,5.821258214523634e-05
1057.155,236.11651,17.47547127499996,4.045296916019663e-05
1057.728,235.13903,16.497991274999947,3.819025660312371e-05
1058.301,229.14763,10.506591274999948,2.4321107347439182e-05
1058.874,226.14539,7.504351274999948,1.737139364757165e-05
1059.447,229.81172,11.170681274999964,2.5858371313992535e-05
1060.02,240.31615,21.67511127499995,5.01744756495218e-05
1060.593,244.33729,25.696251274999952,5.948278269595558e-05
1061.166,232.09889,13.457851274999967,3.115281036047984e-05
1061.739,235.28938,16.64834127499995,3.853829322070762e-05
1062.312,242.81012,24.169081274999968,5.594762419063069e-05
1062.885,239.19593,20.55489127499996,4.7581342428704835e-05
1063.458,225.12955,6.488511274999951,1.5019883720026413e-05
1064.031,238.09674,19.455701274999967,4.5036890352336075e-05
1064.605,270.65948,52.01844127499993,0.00012041451515355923
1065.178,236.14462,17.50358127499996,4.0518039391791465e-05
1065.751,243.08977,24.448731274999943,5.659496998449387e-05
1066.324,236.40439,17.763351274999962,4.1119366110446406e-05
1066.897,235.85655,17.215511274999955,3.985120262140639e-05
1067.47,248.85772,30.216681274999956,6.994686761264852e-05
1068.043,240.4405,21.799461274999942,5.046232635385539e-05
1068.616,237.12432,18.483281274999968,4.2785890899918824e-05
1069.189,239.83608,21.195041274999966,4.906318905821155e-05
1069.762,236.69861,18.057571274999958,4.180043916415797e-05
1070.335,227.05591,8.414871274999967,1.947910432959691e-05
1070.908,235.36064,16.719601274999945,3.870324891986975e-05
1071.481,230.35193,11.710891274999966,2.710887255233639e-05
1072.055,225.15061,6.509571274999956,1.5068634309759162e-05
1072.628,235.7719,17.130861274999944,3.9655251176920326e-05
1073.201,244.8403,26.19926127499997,6.064717178149521e-05
1073.774,261.02156,42.38052127499998,9.810424526766505e-05
1074.347,252.38847,33.74743127499997,7.81199988898973e-05
1074.92,249.1825,30.54146127499996,7.069868226285737e-05
1075.493,245.11436,26.47332127499996,6.128157760400961e-05
1076.066,243.298,24.656961274999958,5.707698970434422e-05
1076.639,257.45074,38.80970127499995,8.983835823872627e-05
1077.212,246.71354,28.07250127499995,6.498342794060964e-05
1077.785,243.72324,25.08220127499996,5.806135346398092e-05
1078.358,250.32822,31.687181274999944,7.335084397551595e-05
1078.931,241.58451,22.94347127499995,5.311052968529642e-05
1079.505,243.54155,24.900511274999957,5.7640769672502236e-05
1080.078,247.57169,28.930651274999946,6.696991030429185e-05
1080.651,247.79263,29.15159127499996,6.748135167635033e-05
1081.224,270.80907,52.168031274999976,0.00012076079249060206
1081.797,236.03384,17.392801274999954,4.026160110448886e-05
1082.37,225.08608,6.445041274999966,1.4919257502757595e-05
1082.943,238.92335,20.282311274999955,4.695036257356003e-05
1083.516,257.23914,38.598101274999976,8.934853749858164e-05
1084.089,244.35129,25.710251274999962,5.951519049539807e-05
1084.662,239.555,20.913961274999963,4.841253303911954e-05
1085.235,238.67183,20.030791274999956,4.636813330814798e-05
1085.808,244.53354,25.892501274999944,5.99370705988544e-05
1086.381,247.6479,29.00686127499995,6.714632447539974e-05
1086.955,257.44997,38.80893127499996,8.983657580975696e-05
1087.528,250.1277,31.48666127499996,7.28866716937872e-05
1088.101,256.48053,37.83949127499994,8.759247458893527e-05
1088.674,249.82698,31.185941274999948,7.219055216176303e-05
1089.247,248.17324,29.53220127499995,6.836240400105006e-05
1089.82,218.64294,0.0019012749999660628,4.401152777419456e-09
1090.393,251.78929,33.14825127499995,7.67329913706161e-05
1090.966,259.89897,41.257931274999976,9.5505625869371e-05
1091.539,236.36534,17.72430127499996,4.102897149843009e-05
1092.112,235.45885,16.81781127499997,3.893058963295869e-05
1092.685,252.2838,33.64276127499997,7.787770429220852e-05
1093.258,231.10985,12.46881127499995,2.8863338220438704e-05
1093.831,229.26085,10.619811274999961,2.458319385121606e-05
1094.404,235.87689,17.23585127499996,3.989828652431067e-05
1094.978,243.20826,24.56722127499995,5.686925570991801e-05
1095.551,238.03802,19.396981274999945,4.490096278210306e-05
1096.124,231.47281,12.831771274999966,2.970353356941281e-05
1096.697,237.76708,19.12604127499995,4.427377926917868e-05
1097.27,245.40769,26.76665127499996,6.196059044761376e-05
1097.843,242.72608,24.085041274999952,5.575308480026317e-05
1098.416,230.13709,11.496051274999957,2.6611551721463573e-05
1098.989,232.54049,13.899451274999961,3.2175044948607854e-05
1099.562,244.64654,26.005501274999943,6.0198647837211436e-05
1100.135,245.30675,26.66571127499995,6.172693021363356e-05
