250.00,9.2351067E+03
250.10,9.1948263E+03
250.20,9.1550217E+03
250.30,9.1140927E+03
250.40,9.0728617E+03
250.50,9.0331883E+03
250.60,8.9889130E+03
250.70,8.9471450E+03
250.80,8.9041207E+03
250.90,8.8609937E+03
251.00,8.8154383E+03
251.10,8.7707940E+03
251.20,8.7238810E+03
251.30,8.6794500E+03
251.40,8.6320943E+03
251.50,8.5863757E+03
251.60,8.5395897E+03
251.70,8.4929917E+03
251.80,8.4465263E+03
251.90,8.3974767E+03
252.00,8.3508840E+03
252.10,8.3028857E+03
252.20,8.2546323E+03
252.30,8.2041657E+03
252.40,8.1548740E+03
252.50,8.1027057E+03
252.60,8.0549973E+03
252.70,8.0029800E+03
252.80,7.9548047E+03
252.90,7.9015570E+03
253.00,7.8538017E+03
253.10,7.8034840E+03
253.20,7.7524487E+03
253.30,7.7012793E+03
253.40,7.6494993E+03
253.50,7.6013673E+03
253.60,7.5484627E+03
253.70,7.4983607E+03
253.80,7.4442173E+03
253.90,7.3948627E+03
254.00,7.3414970E+03
254.10,7.2911587E+03
254.20,7.2382613E+03
254.30,7.1888120E+03
254.40,7.1392333E+03
254.50,7.0881297E+03
254.60,7.0375577E+03
254.70,6.9869537E+03
254.80,6.9390730E+03
254.90,6.8858297E+03
255.00,6.8373907E+03
255.10,6.7839750E+03
255.20,6.7359373E+03
255.30,6.6842973E+03
255.40,6.6366227E+03
255.50,6.5862493E+03
255.60,6.5393270E+03
255.70,6.4916473E+03
255.80,6.4430297E+03
255.90,6.3959527E+03
256.00,6.3474990E+03
256.10,6.3026080E+03
256.20,6.2543760E+03
256.30,6.2099670E+03
256.40,6.1609153E+03
256.50,6.1167367E+03
256.60,6.0705697E+03
256.70,6.0266870E+03
256.80,5.9806783E+03
256.90,5.9399413E+03
257.00,5.8969763E+03
257.10,5.8551507E+03
257.20,5.8132650E+03
257.30,5.7707797E+03
257.40,5.7316020E+03
257.50,5.6902467E+03
257.60,5.6518967E+03
257.70,5.6104290E+03
257.80,5.5722607E+03
257.90,5.5325517E+03
258.00,5.4959737E+03
258.10,5.4580533E+03
258.20,5.4231800E+03
258.30,5.3876607E+03
258.40,5.3527900E+03
258.50,5.3195950E+03
258.60,5.2840197E+03
258.70,5.2521520E+03
258.80,5.2182793E+03
258.90,5.1873900E+03
259.00,5.1544000E+03
259.10,5.1244850E+03
259.20,5.0922100E+03
259.30,5.0646287E+03
259.40,5.0343817E+03
259.50,5.0074727E+03
259.60,4.9790647E+03
259.70,4.9532837E+03
259.80,4.9273853E+03
259.90,4.9014147E+03
260.00,4.8770490E+03
260.10,4.8517393E+03
260.20,4.8301067E+03
260.30,4.8053940E+03
260.40,4.7831250E+03
260.50,4.7600210E+03
260.60,4.7391807E+03
260.70,4.7180470E+03
260.80,4.6990570E+03
260.90,4.6797363E+03
261.00,4.6607250E+03
261.10,4.6427583E+03
261.20,4.6260463E+03
261.30,4.6087033E+03
261.40,4.5918640E+03
261.50,4.5769953E+03
261.60,4.5614350E+03
261.70,4.5462587E+03
261.80,4.5320970E+03
261.90,4.5189153E+03
262.00,4.5058097E+03
262.10,4.4931057E+03
262.20,4.4810770E+03
262.30,4.4697567E+03
262.40,4.4594020E+03
262.50,4.4497567E+03
262.60,4.4389993E+03
262.70,4.4295863E+03
262.80,4.4217553E+03
262.90,4.4125043E+03
263.00,4.4046377E+03
263.10,4.3965060E+03
263.20,4.3897480E+03
263.30,4.3832510E+03
263.40,4.3776237E+03
263.50,4.3713353E+03
263.60,4.3671827E+03
263.70,4.3621010E+03
263.80,4.3567273E+03
263.90,4.3537230E+03
264.00,4.3487077E+03
264.10,4.3462787E+03
264.20,4.3435323E+03
264.30,4.3409470E+03
264.40,4.3390053E+03
264.50,4.3368630E+03
264.60,4.3352010E+03
264.70,4.3343563E+03
264.80,4.3332503E+03
264.90,4.3332647E+03
265.00,4.3329550E+03
265.10,4.3330740E+03
265.20,4.3334113E+03
265.30,4.3337067E+03
265.40,4.3345107E+03
265.50,4.3364943E+03
265.60,4.3373547E+03
265.70,4.3386457E+03
265.80,4.3416407E+03
265.90,4.3433037E+03
266.00,4.3454477E+03
266.10,4.3481003E+03
266.20,4.3509063E+03
266.30,4.3542360E+03
266.40,4.3577170E+03
266.50,4.3608170E+03
266.60,4.3645403E+03
266.70,4.3678757E+03
266.80,4.3727233E+03
266.90,4.3760700E+03
267.00,4.3807253E+03
267.10,4.3849923E+03
267.20,4.3893280E+03
267.30,4.3938757E+03
267.40,4.3995000E+03
267.50,4.4047333E+03
267.60,4.4098637E+03
267.70,4.4153630E+03
267.80,4.4202907E+03
267.90,4.4254283E+03
268.00,4.4308427E+03
268.10,4.4372357E+03
268.20,4.4421840E+03
268.30,4.4477537E+03
268.40,4.4540210E+03
268.50,4.4605720E+03
268.60,4.4665540E+03
268.70,4.4739010E+03
268.80,4.4790130E+03
268.90,4.4861323E+03
269.00,4.4922317E+03
269.10,4.4989890E+03
269.20,4.5047643E+03
269.30,4.5113147E+03
269.40,4.5174453E+03
269.50,4.5238877E+03
269.60,4.5312597E+03
269.70,4.5369883E+03
269.80,4.5449480E+03
269.90,4.5504387E+03
270.00,4.5579153E+03
270.10,4.5647053E+03
270.20,4.5714380E+03
270.30,4.5775663E+03
270.40,4.5846537E+03
270.50,4.5909160E+03
270.60,4.5969450E+03
270.70,4.6039290E+03
270.80,4.6106863E+03
270.90,4.6174123E+03
271.00,4.6243290E+03
271.10,4.6308027E+03
271.20,4.6370590E+03
271.30,4.6437850E+03
271.40,4.6505153E+03
271.50,4.6570820E+03
271.60,4.6628977E+03
271.70,4.6696247E+03
271.80,4.6754997E+03
271.90,4.6819210E+03
272.00,4.6881500E+03
272.10,4.6938487E+03
272.20,4.7011037E+03
272.30,4.7058373E+03
272.40,4.7130540E+03
272.50,4.7185643E+03
272.60,4.7252133E+03
272.70,4.7302750E+03
272.80,4.7367187E+03
272.90,4.7417793E+03
273.00,4.7477913E+03
273.10,4.7538903E+03
273.20,4.7589047E+03
273.30,4.7654183E+03
273.40,4.7713580E+03
273.50,4.7757983E+03
273.60,4.7815827E+03
273.70,4.7869863E+03
273.80,4.7919567E+03
273.90,4.7970303E+03
274.00,4.8028573E+03
274.10,4.8078890E+03
274.20,4.8123960E+03
274.30,4.8174240E+03
274.40,4.8226387E+03
274.50,4.8273800E+03
274.60,4.8321103E+03
274.70,4.8369647E+03
274.80,4.8417890E+03
274.90,4.8460130E+03
275.00,4.8512360E+03
275.10,4.8546797E+03
275.20,4.8590923E+03
275.30,4.8632267E+03
275.40,4.8675663E+03
275.50,4.8715040E+03
275.60,4.8752800E+03
275.70,4.8801197E+03
275.80,4.8833837E+03
275.90,4.8872713E+03
276.00,4.8913127E+03
276.10,4.8942240E+03
276.20,4.8994123E+03
276.30,4.9020080E+03
276.40,4.9055307E+03
276.50,4.9091623E+03
276.60,4.9124710E+03
276.70,4.9151507E+03
276.80,4.9178710E+03
276.90,4.9212543E+03
277.00,4.9238967E+03
277.10,4.9264510E+03
277.20,4.9289667E+03
277.30,4.9322647E+03
277.40,4.9348537E+03
277.50,4.9372543E+03
277.60,4.9396090E+03
277.70,4.9426843E+03
277.80,4.9447173E+03
277.90,4.9469357E+03
278.00,4.9495397E+03
278.10,4.9515920E+03
278.20,4.9534043E+03
278.30,4.9559830E+03
278.40,4.9572110E+03
278.50,4.9587130E+03
278.60,4.9608970E+03
278.70,4.9632067E+03
278.80,4.9635160E+03
278.90,4.9655763E+03
279.00,4.9668303E+03
279.10,4.9677553E+03
279.20,4.9693717E+03
279.30,4.9701870E+03
279.40,4.9703207E+03
279.50,4.9715377E+03
279.60,4.9734250E+03
279.70,4.9748547E+03
279.80,4.9745010E+03
279.90,4.9759240E+03
280.00,4.9761560E+03
280.10,4.9775207E+03
280.20,4.9778297E+03
280.30,4.9774293E+03
280.40,4.9769540E+03
280.50,4.9777190E+03
280.60,4.9775097E+03
280.70,4.9786063E+03
280.80,4.9776753E+03
280.90,4.9773583E+03
281.00,4.9767777E+03
281.10,4.9780033E+03
281.20,4.9766463E+03
281.30,4.9765090E+03
281.40,4.9757640E+03
281.50,4.9754043E+03
281.60,4.9750963E+03
281.70,4.9737820E+03
281.80,4.9723753E+03
281.90,4.9726140E+03
282.00,4.9712250E+03
282.10,4.9700867E+03
282.20,4.9679173E+03
282.30,4.9674970E+03
282.40,4.9661663E+03
282.50,4.9653873E+03
282.60,4.9631313E+03
282.70,4.9619693E+03
282.80,4.9604213E+03
282.90,4.9580080E+03
283.00,4.9562710E+03
283.10,4.9545510E+03
283.20,4.9526253E+03
283.30,4.9504830E+03
283.40,4.9491280E+03
283.50,4.9457557E+03
283.60,4.9436883E+03
283.70,4.9415733E+03
283.80,4.9386417E+03
283.90,4.9362593E+03
284.00,4.9335387E+03
284.10,4.9304923E+03
284.20,4.9287173E+03
284.30,4.9255203E+03
284.40,4.9220587E+03
284.50,4.9194687E+03
284.60,4.9165573E+03
284.70,4.9130500E+03
284.80,4.9100943E+03
284.90,4.9068000E+03
285.00,4.9035413E+03
285.10,4.9001913E+03
285.20,4.8961480E+03
285.30,4.8922707E+03
285.40,4.8890477E+03
285.50,4.8851677E+03
285.60,4.8812693E+03
285.70,4.8774453E+03
285.80,4.8734287E+03
285.90,4.8688887E+03
286.00,4.8656780E+03
286.10,4.8609510E+03
286.20,4.8566133E+03
286.30,4.8519307E+03
286.40,4.8476370E+03
286.50,4.8434573E+03
286.60,4.8384257E+03
286.70,4.8336227E+03
286.80,4.8295040E+03
286.90,4.8258053E+03
287.00,4.8201683E+03
287.10,4.8139370E+03
287.20,4.8099930E+03
287.30,4.8042283E+03
287.40,4.8005377E+03
287.50,4.7941053E+03
287.60,4.7887760E+03
287.70,4.7838153E+03
287.80,4.7773550E+03
287.90,4.7718177E+03
288.00,4.7662470E+03
288.10,4.7611743E+03
288.20,4.7548613E+03
288.30,4.7494783E+03
288.40,4.7434727E+03
288.50,4.7367387E+03
288.60,4.7300740E+03
288.70,4.7253000E+03
288.80,4.7178340E+03
288.90,4.7129927E+03
289.00,4.7062537E+03
289.10,4.6991703E+03
289.20,4.6927060E+03
289.30,4.6859347E+03
289.40,4.6792310E+03
289.50,4.6729060E+03
289.60,4.6658813E+03
289.70,4.6589887E+03
289.80,4.6529397E+03
289.90,4.6441263E+03
290.00,4.6382283E+03
290.10,4.6312737E+03
290.20,4.6242483E+03
290.30,4.6171613E+03
290.40,4.6093760E+03
290.50,4.6015620E+03
290.60,4.5945810E+03
290.70,4.5874223E+03
290.80,4.5795127E+03
290.90,4.5713990E+03
291.00,4.5643083E+03
291.10,4.5553170E+03
291.20,4.5481603E+03
291.30,4.5396157E+03
291.40,4.5318980E+03
291.50,4.5244247E+03
291.60,4.5160140E+03
291.70,4.5075313E+03
291.80,4.4995113E+03
291.90,4.4899510E+03
292.00,4.4831910E+03
292.10,4.4732963E+03
292.20,4.4651903E+03
292.30,4.4559813E+03
292.40,4.4478827E+03
292.50,4.4376880E+03
292.60,4.4307857E+03
292.70,4.4208807E+03
292.80,4.4129247E+03
292.90,4.4043953E+03
293.00,4.3941040E+03
293.10,4.3857010E+03
293.20,4.3766830E+03
293.30,4.3671910E+03
293.40,4.3567927E+03
293.50,4.3481020E+03
293.60,4.3384997E+03
293.70,4.3298123E+03
293.80,4.3195960E+03
293.90,4.3092127E+03
294.00,4.2999190E+03
294.10,4.2902123E+03
294.20,4.2802453E+03
294.30,4.2710800E+03
294.40,4.2617167E+03
294.50,4.2516053E+03
294.60,4.2416573E+03
294.70,4.2314800E+03
294.80,4.2220700E+03
294.90,4.2106753E+03
295.00,4.2017210E+03
295.10,4.1905203E+03
295.20,4.1795947E+03
295.30,4.1693420E+03
295.40,4.1600420E+03
295.50,4.1496627E+03
295.60,4.1379083E+03
295.70,4.1285640E+03
295.80,4.1174513E+03
295.90,4.1079387E+03
296.00,4.0962173E+03
296.10,4.0856333E+03
296.20,4.0749903E+03
296.30,4.0649637E+03
296.40,4.0533860E+03
296.50,4.0420020E+03
296.60,4.0317920E+03
296.70,4.0210297E+03
296.80,4.0086257E+03
296.90,3.9981240E+03
297.00,3.9863933E+03
297.10,3.9763380E+03
297.20,3.9652087E+03
297.30,3.9546187E+03
297.40,3.9429717E+03
297.50,3.9306043E+03
297.60,3.9201883E+03
297.70,3.9081980E+03
297.80,3.8957950E+03
297.90,3.8844990E+03
298.00,3.8731207E+03
298.10,3.8622817E+03
298.20,3.8502970E+03
298.30,3.8385593E+03
298.40,3.8258893E+03
298.50,3.8160227E+03
298.60,3.8031547E+03
298.70,3.7922660E+03
298.80,3.7788190E+03
298.90,3.7679010E+03
299.00,3.7555073E+03
299.10,3.7439450E+03
299.20,3.7310080E+03
299.30,3.7198450E+03
299.40,3.7086300E+03
299.50,3.6954493E+03
299.60,3.6838203E+03
299.70,3.6713617E+03
299.80,3.6588863E+03
299.90,3.6472817E+03
300.00,3.6346027E+03
300.10,3.6228320E+03
300.20,3.6101067E+03
300.30,3.5983967E+03
300.40,3.5849220E+03
300.50,3.5737250E+03
300.60,3.5600460E+03
300.70,3.5479643E+03
300.80,3.5366890E+03
300.90,3.5250040E+03
301.00,3.5121223E+03
301.10,3.4996373E+03
301.20,3.4871220E+03
301.30,3.4752917E+03
301.40,3.4624400E+03
301.50,3.4487220E+03
301.60,3.4362440E+03
301.70,3.4235400E+03
301.80,3.4111803E+03
301.90,3.3987077E+03
302.00,3.3853380E+03
302.10,3.3731287E+03
302.20,3.3612230E+03
302.30,3.3494897E+03
302.40,3.3357750E+03
302.50,3.3240173E+03
302.60,3.3112843E+03
302.70,3.2982173E+03
302.80,3.2854767E+03
302.90,3.2733243E+03
303.00,3.2603930E+03
303.10,3.2466193E+03
303.20,3.2339100E+03
303.30,3.2216533E+03
303.40,3.2095940E+03
303.50,3.1965747E+03
303.60,3.1833750E+03
303.70,3.1713860E+03
303.80,3.1578190E+03
303.90,3.1468753E+03
304.00,3.1332693E+03
304.10,3.1202593E+03
304.20,3.1075770E+03
304.30,3.0948750E+03
304.40,3.0820330E+03
304.50,3.0692997E+03
304.60,3.0560680E+03
304.70,3.0435950E+03
304.80,3.0309303E+03
304.90,3.0177690E+03
305.00,3.0050867E+03
305.10,2.9919143E+03
305.20,2.9805317E+03
305.30,2.9677620E+03
305.40,2.9545257E+03
305.50,2.9399170E+03
305.60,2.9283970E+03
305.70,2.9148997E+03
305.80,2.9017997E+03
305.90,2.8895023E+03
306.00,2.8762983E+03
306.10,2.8640800E+03
306.20,2.8515140E+03
306.30,2.8384343E+03
306.40,2.8262787E+03
306.50,2.8135603E+03
306.60,2.7996083E+03
306.70,2.7882963E+03
306.80,2.7752420E+03
306.90,2.7632073E+03
307.00,2.7491043E+03
307.10,2.7368470E+03
307.20,2.7244130E+03
307.30,2.7114033E+03
307.40,2.6988213E+03
307.50,2.6856693E+03
307.60,2.6749630E+03
307.70,2.6617047E+03
307.80,2.6484197E+03
307.90,2.6358573E+03
308.00,2.6244607E+03
308.10,2.6116703E+03
308.20,2.5984997E+03
308.30,2.5851863E+03
308.40,2.5720053E+03
308.50,2.5597710E+03
308.60,2.5474363E+03
308.70,2.5347650E+03
308.80,2.5231543E+03
308.90,2.5093853E+03
309.00,2.4969700E+03
309.10,2.4860063E+03
309.20,2.4720733E+03
309.30,2.4598137E+03
309.40,2.4469777E+03
309.50,2.4366737E+03
309.60,2.4227210E+03
309.70,2.4109277E+03
309.80,2.3980773E+03
309.90,2.3871357E+03
310.00,2.3729517E+03
310.10,2.3612100E+03
310.20,2.3490293E+03
310.30,2.3378087E+03
310.40,2.3254777E+03
310.50,2.3128510E+03
310.60,2.3010960E+03
310.70,2.2886480E+03
310.80,2.2769010E+03
310.90,2.2638017E+03
311.00,2.2517413E+03
311.10,2.2387823E+03
311.20,2.2270807E+03
311.30,2.2155273E+03
311.40,2.2034753E+03
311.50,2.1905493E+03
311.60,2.1792737E+03
311.70,2.1675213E+03
311.80,2.1562663E+03
311.90,2.1455997E+03
312.00,2.1328030E+03
312.10,2.1218167E+03
312.20,2.1081643E+03
312.30,2.0978800E+03
312.40,2.0852887E+03
312.50,2.0733627E+03
312.60,2.0621147E+03
312.70,2.0495427E+03
312.80,2.0391197E+03
312.90,2.0278200E+03
313.00,2.0159233E+03
313.10,2.0039663E+03
313.20,1.9943130E+03
313.30,1.9818123E+03
313.40,1.9706330E+03
313.50,1.9589827E+03
313.60,1.9474120E+03
313.70,1.9347500E+03
313.80,1.9242173E+03
313.90,1.9127753E+03
314.00,1.9010073E+03
314.10,1.8902210E+03
314.20,1.8790380E+03
314.30,1.8684870E+03
314.40,1.8567180E+03
314.50,1.8460983E+03
314.60,1.8350763E+03
314.70,1.8242843E+03
314.80,1.8121493E+03
314.90,1.8016490E+03
315.00,1.7896547E+03
315.10,1.7790070E+03
315.20,1.7688283E+03
315.30,1.7576917E+03
315.40,1.7472220E+03
315.50,1.7359917E+03
315.60,1.7246673E+03
315.70,1.7147943E+03
315.80,1.7049443E+03
315.90,1.6937717E+03
316.00,1.6821047E+03
316.10,1.6710750E+03
316.20,1.6611723E+03
316.30,1.6509190E+03
316.40,1.6396937E+03
316.50,1.6296140E+03
316.60,1.6202460E+03
316.70,1.6100407E+03
316.80,1.5990033E+03
316.90,1.5877103E+03
317.00,1.5790060E+03
317.10,1.5688737E+03
317.20,1.5589363E+03
317.30,1.5490033E+03
317.40,1.5379947E+03
317.50,1.5281060E+03
317.60,1.5170090E+03
317.70,1.5066267E+03
317.80,1.4962867E+03
317.90,1.4872210E+03
318.00,1.4769507E+03
318.10,1.4658597E+03
318.20,1.4574033E+03
318.30,1.4481100E+03
318.40,1.4388050E+03
318.50,1.4289843E+03
318.60,1.4188140E+03
318.70,1.4099770E+03
318.80,1.4004467E+03
318.90,1.3900397E+03
319.00,1.3815407E+03
319.10,1.3710703E+03
319.20,1.3617200E+03
319.30,1.3524703E+03
319.40,1.3421843E+03
319.50,1.3323247E+03
319.60,1.3244950E+03
319.70,1.3143627E+03
319.80,1.3054317E+03
319.90,1.2956523E+03
320.00,1.2870823E+03
320.10,1.2783233E+03
320.20,1.2683200E+03
320.30,1.2603760E+03
320.40,1.2494027E+03
320.50,1.2411767E+03
320.60,1.2336763E+03
320.70,1.2234747E+03
320.80,1.2148230E+03
320.90,1.2051363E+03
321.00,1.1965530E+03
321.10,1.1883970E+03
321.20,1.1795050E+03
321.30,1.1702543E+03
321.40,1.1618213E+03
321.50,1.1523677E+03
321.60,1.1445740E+03
321.70,1.1359577E+03
321.80,1.1268337E+03
321.90,1.1183600E+03
322.00,1.1101220E+03
322.10,1.1027110E+03
322.20,1.0924620E+03
322.30,1.0866493E+03
322.40,1.0784070E+03
322.50,1.0686780E+03
322.60,1.0604467E+03
322.70,1.0544163E+03
322.80,1.0436747E+03
322.90,1.0362011E+03
323.00,1.0276241E+03
323.10,1.0201227E+03
323.20,1.0128946E+03
323.30,1.0047678E+03
323.40,9.9687030E+02
323.50,9.8907943E+02
323.60,9.8218393E+02
323.70,9.7372217E+02
323.80,9.6703247E+02
323.90,9.5852083E+02
324.00,9.5025127E+02
324.10,9.4171827E+02
324.20,9.3533423E+02
324.30,9.2666817E+02
324.40,9.2024207E+02
324.50,9.1292513E+02
324.60,9.0526107E+02
324.70,8.9850560E+02
324.80,8.9069583E+02
324.90,8.8371650E+02
325.00,8.7623413E+02
325.10,8.6889137E+02
325.20,8.6128717E+02
325.30,8.5407950E+02
325.40,8.4778717E+02
325.50,8.4085317E+02
325.60,8.3302303E+02
325.70,8.2553497E+02
325.80,8.1915747E+02
325.90,8.1260870E+02
326.00,8.0538863E+02
326.10,7.9783210E+02
326.20,7.9180207E+02
326.30,7.8624270E+02
326.40,7.7948057E+02
326.50,7.7138323E+02
326.60,7.6666923E+02
326.70,7.5717297E+02
326.80,7.5357957E+02
326.90,7.4596020E+02
327.00,7.4040963E+02
327.10,7.3300553E+02
327.20,7.2603397E+02
327.30,7.1981880E+02
327.40,7.1302437E+02
327.50,7.0755383E+02
327.60,7.0054643E+02
327.70,6.9582440E+02
327.80,6.8993193E+02
327.90,6.8275847E+02
328.00,6.7752080E+02
328.10,6.7075253E+02
328.20,6.6371133E+02
328.30,6.5868510E+02
328.40,6.5231187E+02
328.50,6.4624283E+02
328.60,6.4116287E+02
328.70,6.3461710E+02
328.80,6.3006483E+02
328.90,6.2248050E+02
329.00,6.1901887E+02
329.10,6.1104940E+02
329.20,6.0590333E+02
329.30,6.0069593E+02
329.40,5.9481700E+02
329.50,5.8873700E+02
329.60,5.8390010E+02
329.70,5.7715033E+02
329.80,5.7176323E+02
329.90,5.6768757E+02
330.00,5.6218120E+02
330.10,5.5699840E+02
330.20,5.5199907E+02
330.30,5.4665697E+02
330.40,5.4038060E+02
330.50,5.3654637E+02
330.60,5.3015710E+02
330.70,5.2541013E+02
330.80,5.2078093E+02
330.90,5.1591830E+02
331.00,5.1030663E+02
331.10,5.0496983E+02
331.20,5.0075597E+02
331.30,4.9596467E+02
331.40,4.9079737E+02
331.50,4.8470277E+02
331.60,4.8150003E+02
331.70,4.7639967E+02
331.80,4.7253737E+02
331.90,4.6640177E+02
332.00,4.6220540E+02
332.10,4.5790173E+02
332.20,4.5455590E+02
332.30,4.4819677E+02
332.40,4.4387753E+02
332.50,4.3902720E+02
332.60,4.3634873E+02
332.70,4.3070507E+02
332.80,4.2697707E+02
332.90,4.2185050E+02
333.00,4.1806230E+02
333.10,4.1563227E+02
333.20,4.1055070E+02
333.30,4.0639677E+02
333.40,4.0179207E+02
333.50,3.9886277E+02
333.60,3.9376560E+02
333.70,3.8957393E+02
333.80,3.8520613E+02
333.90,3.8246180E+02
334.00,3.7821420E+02
334.10,3.7409867E+02
334.20,3.7107880E+02
334.30,3.6719300E+02
334.40,3.6311357E+02
334.50,3.5875397E+02
334.60,3.5526390E+02
334.70,3.5229120E+02
334.80,3.4775307E+02
334.90,3.4401490E+02
335.00,3.4023593E+02
335.10,3.3531697E+02
335.20,3.3335457E+02
335.30,3.2904240E+02
335.40,3.2650263E+02
335.50,3.2194050E+02
335.60,3.1988877E+02
335.70,3.1517300E+02
335.80,3.1210637E+02
335.90,3.0952383E+02
336.00,3.0619243E+02
336.10,3.0388037E+02
336.20,2.9919750E+02
336.30,2.9678980E+02
336.40,2.9319183E+02
336.50,2.9057783E+02
336.60,2.8692597E+02
336.70,2.8333887E+02
336.80,2.8072137E+02
336.90,2.7845903E+02
337.00,2.7572583E+02
337.10,2.7178473E+02
337.20,2.6909870E+02
337.30,2.6538287E+02
337.40,2.6282193E+02
337.50,2.5908967E+02
337.60,2.5691393E+02
337.70,2.5350640E+02
337.80,2.5112203E+02
337.90,2.4883337E+02
338.00,2.4505310E+02
338.10,2.4343957E+02
338.20,2.4037300E+02
338.30,2.3823713E+02
338.40,2.3525013E+02
338.50,2.3237880E+02
338.60,2.2920953E+02
338.70,2.2765973E+02
338.80,2.2564657E+02
338.90,2.2202513E+02
339.00,2.1874907E+02
339.10,2.1744250E+02
339.20,2.1468733E+02
339.30,2.1360347E+02
339.40,2.1144047E+02
339.50,2.0732157E+02
339.60,2.0551593E+02
339.70,2.0362017E+02
339.80,2.0177833E+02
339.90,1.9889987E+02
340.00,1.9604953E+02
340.10,1.9366283E+02
340.20,1.9338547E+02
340.30,1.9121577E+02
340.40,1.8838113E+02
340.50,1.8587647E+02
340.60,1.8314150E+02
340.70,1.8111003E+02
340.80,1.8033000E+02
340.90,1.7866747E+02
341.00,1.7546053E+02
341.10,1.7461923E+02
341.20,1.7229857E+02
341.30,1.7029970E+02
341.40,1.6832567E+02
341.50,1.6827840E+02
341.60,1.6482660E+02
341.70,1.6391727E+02
341.80,1.6072307E+02
341.90,1.6052383E+02
342.00,1.5807843E+02
342.10,1.5730707E+02
342.20,1.5608693E+02
342.30,1.5300560E+02
342.40,1.5302643E+02
342.50,1.5117120E+02
342.60,1.4971760E+02
342.70,1.4735660E+02
342.80,1.4646377E+02
342.90,1.4595960E+02
343.00,1.4380810E+02
343.10,1.4215647E+02
343.20,1.4223353E+02
343.30,1.3877250E+02
343.40,1.3898493E+02
343.50,1.3677057E+02
343.60,1.3483903E+02
343.70,1.3305847E+02
343.80,1.3267133E+02
343.90,1.3208207E+02
344.00,1.3077278E+02
344.10,1.2901372E+02
344.20,1.2649759E+02
344.30,1.2655665E+02
344.40,1.2370773E+02
344.50,1.2302664E+02
344.60,1.2250843E+02
344.70,1.2115985E+02
344.80,1.2154475E+02
344.90,1.1913456E+02
345.00,1.1880221E+02
345.10,1.1763473E+02
345.20,1.1691526E+02
345.30,1.1569732E+02
345.40,1.1379837E+02
345.50,1.1343972E+02
345.60,1.1246236E+02
345.70,1.1108042E+02
345.80,1.1019065E+02
345.90,1.0961066E+02
346.00,1.0893912E+02
346.10,1.0850315E+02
346.20,1.0678922E+02
346.30,1.0588368E+02
346.40,1.0381887E+02
346.50,1.0415764E+02
346.60,1.0326289E+02
346.70,1.0271182E+02
346.80,1.0261135E+02
346.90,9.9778247E+01
347.00,1.0089716E+02
347.10,1.0035882E+02
347.20,9.9721427E+01
347.30,9.7643230E+01
347.40,9.8423583E+01
347.50,9.6797530E+01
347.60,9.5522557E+01
347.70,9.6394887E+01
347.80,9.4824433E+01
347.90,9.2700353E+01
348.00,9.3324827E+01
348.10,9.2925530E+01
348.20,9.1990327E+01
348.30,9.2805720E+01
348.40,9.1012653E+01
348.50,8.9906290E+01
348.60,9.0669170E+01
348.70,8.8957997E+01
348.80,8.9993873E+01
348.90,8.7463023E+01
349.00,8.8667783E+01
349.10,8.6111663E+01
349.20,8.6306237E+01
349.30,8.6764710E+01
349.40,8.4889907E+01
349.50,8.5028040E+01
349.60,8.6142303E+01
349.70,8.3612757E+01
349.80,8.4261877E+01
349.90,8.4538637E+01
350.00,8.2139477E+01
350.10,8.3539227E+01
350.20,8.2247077E+01
350.30,8.3281677E+01
350.40,8.1116777E+01
350.50,8.1492273E+01
350.60,8.0605227E+01
350.70,8.0146923E+01
350.80,8.1045013E+01
350.90,7.9977313E+01
351.00,7.9642990E+01
351.10,7.9386363E+01
351.20,7.8861707E+01
351.30,7.7248447E+01
351.40,7.8189393E+01
351.50,7.8026060E+01
351.60,7.8300053E+01
351.70,7.6942887E+01
351.80,7.7994673E+01
351.90,7.6999760E+01
352.00,7.7256750E+01
352.10,7.6809170E+01
352.20,7.6253903E+01
352.30,7.6489023E+01
352.40,7.5604673E+01
352.50,7.5010890E+01
352.60,7.5732073E+01
352.70,7.5318500E+01
352.80,7.4515370E+01
352.90,7.4587687E+01
353.00,7.3840427E+01
353.10,7.3990513E+01
353.20,7.3761003E+01
353.30,7.3124467E+01
353.40,7.3089273E+01
353.50,7.3014430E+01
353.60,7.3375680E+01
353.70,7.3610110E+01
353.80,7.1965243E+01
353.90,7.4131220E+01
354.00,7.2247027E+01
354.10,7.3547093E+01
354.20,7.4191853E+01
354.30,7.2750463E+01
354.40,7.2539623E+01
354.50,7.1981587E+01
354.60,7.3661733E+01
354.70,7.3525957E+01
354.80,7.3537830E+01
354.90,7.2742490E+01
355.00,7.1535307E+01
355.10,7.1279003E+01
355.20,7.3384897E+01
355.30,7.2820773E+01
355.40,7.2460950E+01
355.50,7.3117500E+01
355.60,7.2377463E+01
355.70,7.2716913E+01
355.80,7.2722127E+01
355.90,7.2963487E+01
356.00,7.2217473E+01
356.10,7.2621283E+01
356.20,7.2963407E+01
356.30,7.2717537E+01
356.40,7.4003017E+01
356.50,7.2793617E+01
356.60,7.3051623E+01
356.70,7.1728083E+01
356.80,7.3219300E+01
356.90,7.4395353E+01
357.00,7.1875373E+01
357.10,7.2406320E+01
357.20,7.2907303E+01
357.30,7.4112907E+01
357.40,7.1678120E+01
357.50,7.2706563E+01
357.60,7.2933097E+01
357.70,7.3866740E+01
357.80,7.4719733E+01
357.90,7.3540977E+01
358.00,7.3115237E+01
358.10,7.5379130E+01
358.20,7.5590287E+01
358.30,7.4503963E+01
358.40,7.6403297E+01
358.50,7.5222370E+01
358.60,7.4709300E+01
358.70,7.6557530E+01
358.80,7.6940213E+01
358.90,7.7701290E+01
359.00,7.6336850E+01
359.10,7.8906470E+01
359.20,7.7394587E+01
359.30,7.7413520E+01
359.40,7.6946483E+01
359.50,7.8007740E+01
359.60,7.6253687E+01
359.70,7.8579343E+01
359.80,7.6719303E+01
359.90,6.6702367E+01
360.00,6.6936633E+01
360.10,6.6790643E+01
360.20,6.7674473E+01
360.30,6.8121980E+01
360.40,6.8558660E+01
360.50,6.9239683E+01
360.60,6.9583890E+01
360.70,6.9535563E+01
360.80,6.9963143E+01
360.90,7.0321023E+01
361.00,7.0572420E+01
361.10,7.0411323E+01
361.20,7.0844920E+01
361.30,7.1523087E+01
361.40,7.1954117E+01
361.50,7.2064820E+01
361.60,7.2846253E+01
361.70,7.2760487E+01
361.80,7.2923757E+01
361.90,7.3309287E+01
362.00,7.4292687E+01
362.10,7.4272943E+01
362.20,7.4414017E+01
362.30,7.5109350E+01
362.40,7.5310230E+01
362.50,7.6127317E+01
362.60,7.6379420E+01
362.70,7.7185700E+01
362.80,7.7593047E+01
362.90,7.7706230E+01
363.00,7.8250273E+01
363.10,7.8800353E+01
363.20,7.8821953E+01
363.30,7.9139920E+01
363.40,7.9565830E+01
363.50,8.0564010E+01
363.60,8.2019797E+01
363.70,8.1974760E+01
363.80,8.1697447E+01
363.90,8.2896247E+01
364.00,8.2786580E+01
364.10,8.3674773E+01
364.20,8.4280970E+01
364.30,8.5133653E+01
364.40,8.5524343E+01
364.50,8.5978677E+01
364.60,8.6220627E+01
364.70,8.6425543E+01
364.80,8.7152973E+01
364.90,8.8527673E+01
365.00,8.8816007E+01
365.10,8.8921917E+01
365.20,8.9947080E+01
365.30,8.9796157E+01
365.40,9.0653413E+01
365.50,9.1374830E+01
365.60,9.2116167E+01
365.70,9.2252700E+01
365.80,9.2625293E+01
365.90,9.3763060E+01
366.00,9.4247623E+01
366.10,9.4893770E+01
366.20,9.5652397E+01
366.30,9.6929447E+01
366.40,9.6277430E+01
366.50,9.7737140E+01
366.60,9.8046833E+01
366.70,9.8461720E+01
366.80,9.9678433E+01
366.90,1.0029303E+02
367.00,1.0071824E+02
367.10,1.0169934E+02
367.20,1.0227596E+02
367.30,1.0270603E+02
367.40,1.0382204E+02
367.50,1.0491275E+02
367.60,1.0555698E+02
367.70,1.0605406E+02
367.80,1.0718166E+02
367.90,1.0794301E+02
368.00,1.0841475E+02
368.10,1.0906230E+02
368.20,1.1005687E+02
368.30,1.1098900E+02
368.40,1.1118967E+02
368.50,1.1182480E+02
368.60,1.1318380E+02
368.70,1.1332453E+02
368.80,1.1480280E+02
368.90,1.1502380E+02
369.00,1.1583827E+02
369.10,1.1691053E+02
369.20,1.1718553E+02
369.30,1.1784423E+02
369.40,1.1848357E+02
369.50,1.1944757E+02
369.60,1.2106740E+02
369.70,1.2146233E+02
369.80,1.2229657E+02
369.90,1.2379823E+02
370.00,1.2400307E+02
370.10,1.2482053E+02
370.20,1.2583700E+02
370.30,1.2696253E+02
370.40,1.2729127E+02
370.50,1.2797263E+02
370.60,1.2951157E+02
370.70,1.3043790E+02
370.80,1.3188703E+02
370.90,1.3227170E+02
371.00,1.3355997E+02
371.10,1.3448093E+02
371.20,1.3533583E+02
371.30,1.3643833E+02
371.40,1.3643557E+02
371.50,1.3826400E+02
371.60,1.4001220E+02
371.70,1.3980053E+02
371.80,1.4094867E+02
371.90,1.4251413E+02
372.00,1.4323557E+02
372.10,1.4425697E+02
372.20,1.4487807E+02
372.30,1.4597493E+02
372.40,1.4667083E+02
372.50,1.4836550E+02
372.60,1.4949927E+02
372.70,1.5003120E+02
372.80,1.5148103E+02
372.90,1.5290523E+02
373.00,1.5442250E+02
373.10,1.5500903E+02
373.20,1.5586373E+02
373.30,1.5741670E+02
373.40,1.5847017E+02
373.50,1.5984813E+02
373.60,1.6086113E+02
373.70,1.6139653E+02
373.80,1.6296440E+02
373.90,1.6411500E+02
374.00,1.6546860E+02
374.10,1.6671683E+02
374.20,1.6771093E+02
374.30,1.6906627E+02
374.40,1.7007613E+02
374.50,1.7137203E+02
374.60,1.7227717E+02
374.70,1.7348873E+02
374.80,1.7479880E+02
374.90,1.7627977E+02
375.00,1.7750203E+02
375.10,1.7801090E+02
375.20,1.8010460E+02
375.30,1.8142213E+02
375.40,1.8295817E+02
375.50,1.8419080E+02
375.60,1.8541370E+02
375.70,1.8596807E+02
375.80,1.8806907E+02
375.90,1.8939070E+02
376.00,1.9038090E+02
376.10,1.9226157E+02
376.20,1.9326680E+02
376.30,1.9392210E+02
376.40,1.9588177E+02
376.50,1.9808393E+02
376.60,1.9873043E+02
376.70,2.0000787E+02
376.80,2.0139327E+02
376.90,2.0268087E+02
377.00,2.0431523E+02
377.10,2.0647890E+02
377.20,2.0699713E+02
377.30,2.0890027E+02
377.40,2.1071567E+02
377.50,2.1143183E+02
377.60,2.1313700E+02
377.70,2.1447857E+02
377.80,2.1640417E+02
377.90,2.1827230E+02
378.00,2.1994083E+02
378.10,2.2118850E+02
378.20,2.2223913E+02
378.30,2.2418960E+02
378.40,2.2551387E+02
378.50,2.2703380E+02
378.60,2.2868593E+02
378.70,2.3042447E+02
378.80,2.3199200E+02
378.90,2.3340693E+02
379.00,2.3511683E+02
379.10,2.3688510E+02
379.20,2.3853963E+02
379.30,2.3991380E+02
379.40,2.4113093E+02
379.50,2.4297807E+02
379.60,2.4528777E+02
379.70,2.4625577E+02
379.80,2.4816000E+02
379.90,2.4952940E+02
380.00,2.5156113E+02
380.10,2.5354553E+02
380.20,2.5536593E+02
380.30,2.5733640E+02
380.40,2.5848517E+02
380.50,2.6021200E+02
380.60,2.6202467E+02
380.70,2.6354437E+02
380.80,2.6549740E+02
380.90,2.6720227E+02
381.00,2.6943417E+02
381.10,2.7110490E+02
381.20,2.7295943E+02
381.30,2.7477267E+02
381.40,2.7628787E+02
381.50,2.7862783E+02
381.60,2.8059980E+02
381.70,2.8245550E+02
381.80,2.8400320E+02
381.90,2.8630420E+02
382.00,2.8761770E+02
382.10,2.8990197E+02
382.20,2.9219800E+02
382.30,2.9410917E+02
382.40,2.9548183E+02
382.50,2.9766153E+02
382.60,2.9963693E+02
382.70,3.0137223E+02
382.80,3.0318840E+02
382.90,3.0529417E+02
383.00,3.0757413E+02
383.10,3.0942643E+02
383.20,3.1185460E+02
383.30,3.1370737E+02
383.40,3.1567020E+02
383.50,3.1798797E+02
383.60,3.2049607E+02
383.70,3.2122613E+02
383.80,3.2387857E+02
383.90,3.2622710E+02
384.00,3.2824070E+02
384.10,3.2947883E+02
384.20,3.3186700E+02
384.30,3.3445267E+02
384.40,3.3668537E+02
384.50,3.3872777E+02
384.60,3.4096090E+02
384.70,3.4275760E+02
384.80,3.4492517E+02
384.90,3.4744557E+02
385.00,3.4940307E+02
385.10,3.5113360E+02
385.20,3.5405363E+02
385.30,3.5608907E+02
385.40,3.5827897E+02
385.50,3.6065620E+02
385.60,3.6265693E+02
385.70,3.6456397E+02
385.80,3.6770790E+02
385.90,3.7006530E+02
386.00,3.7188367E+02
386.10,3.7422743E+02
386.20,3.7736070E+02
386.30,3.7925683E+02
386.40,3.8140097E+02
386.50,3.8361457E+02
386.60,3.8588423E+02
386.70,3.8884220E+02
386.80,3.9023583E+02
386.90,3.9331170E+02
387.00,3.9562267E+02
387.10,3.9795997E+02
387.20,4.0035787E+02
387.30,4.0334690E+02
387.40,4.0498953E+02
387.50,4.0775247E+02
387.60,4.0974620E+02
387.70,4.1270057E+02
387.80,4.1498647E+02
387.90,4.1805760E+02
388.00,4.2037593E+02
388.10,4.2217233E+02
388.20,4.2584780E+02
388.30,4.2802887E+02
388.40,4.3041527E+02
388.50,4.3273127E+02
388.60,4.3568770E+02
388.70,4.3812477E+02
388.80,4.4114533E+02
388.90,4.4370313E+02
389.00,4.4560907E+02
389.10,4.4838757E+02
389.20,4.5069243E+02
389.30,4.5352640E+02
389.40,4.5603517E+02
389.50,4.5887747E+02
389.60,4.6128000E+02
389.70,4.6359460E+02
389.80,4.6670900E+02
389.90,4.6942543E+02
390.00,4.7214097E+02
390.10,4.7504087E+02
390.20,4.7813863E+02
390.30,4.8026313E+02
390.40,4.8255030E+02
390.50,4.8587817E+02
390.60,4.8828903E+02
390.70,4.9102483E+02
390.80,4.9357933E+02
390.90,4.9634597E+02
391.00,4.9845567E+02
391.10,5.0233690E+02
391.20,5.0509707E+02
391.30,5.0783807E+02
391.40,5.1055720E+02
391.50,5.1373547E+02
391.60,5.1687863E+02
391.70,5.1940533E+02
391.80,5.2232733E+02
391.90,5.2455810E+02
392.00,5.2725893E+02
392.10,5.3038983E+02
392.20,5.3296177E+02
392.30,5.3595830E+02
392.40,5.3845983E+02
392.50,5.4223137E+02
392.60,5.4491703E+02
392.70,5.4761227E+02
392.80,5.5075210E+02
392.90,5.5349190E+02
393.00,5.5640473E+02
393.10,5.5967253E+02
393.20,5.6228387E+02
393.30,5.6533687E+02
393.40,5.6801140E+02
393.50,5.7115713E+02
393.60,5.7480817E+02
393.70,5.7703930E+02
393.80,5.8048243E+02
393.90,5.8283693E+02
394.00,5.8634897E+02
394.10,5.8946537E+02
394.20,5.9266767E+02
394.30,5.9506030E+02
394.40,5.9883300E+02
394.50,6.0105150E+02
394.60,6.0433147E+02
394.70,6.0751687E+02
394.80,6.1053590E+02
394.90,6.1357273E+02
395.00,6.1680893E+02
395.10,6.1991473E+02
395.20,6.2263757E+02
395.30,6.2574643E+02
395.40,6.2839880E+02
395.50,6.3238640E+02
395.60,6.3574607E+02
395.70,6.3824620E+02
395.80,6.4135557E+02
395.90,6.4446523E+02
396.00,6.4839940E+02
396.10,6.5087110E+02
396.20,6.5412567E+02
396.30,6.5733960E+02
396.40,6.6015367E+02
396.50,6.6362683E+02
396.60,6.6665430E+02
396.70,6.6961690E+02
396.80,6.7334733E+02
396.90,6.7665333E+02
397.00,6.7967390E+02
397.10,6.8266583E+02
397.20,6.8608800E+02
397.30,6.8916900E+02
397.40,6.9234910E+02
397.50,6.9533563E+02
397.60,6.9880257E+02
397.70,7.0243550E+02
397.80,7.0561543E+02
397.90,7.0842007E+02
398.00,7.1123937E+02
398.10,7.1444423E+02
398.20,7.1784680E+02
398.30,7.2176657E+02
398.40,7.2438633E+02
398.50,7.2760013E+02
398.60,7.3082260E+02
398.70,7.3379677E+02
398.80,7.3792997E+02
398.90,7.4085793E+02
399.00,7.4405860E+02
399.10,7.4696690E+02
399.20,7.5087590E+02
399.30,7.5383840E+02
399.40,7.5722403E+02
399.50,7.6037393E+02
399.60,7.6375407E+02
399.70,7.6640933E+02
399.80,7.7038350E+02
399.90,7.7398053E+02
400.00,7.7656500E+02
400.10,7.7986117E+02
400.20,7.8327923E+02
400.30,7.8690750E+02
400.40,7.8950443E+02
400.50,7.9354513E+02
400.60,7.9636467E+02
400.70,8.0012223E+02
400.80,8.0312250E+02
400.90,8.0643233E+02
401.00,8.0964493E+02
401.10,8.1296190E+02
401.20,8.1633000E+02
401.30,8.1958627E+02
401.40,8.2254657E+02
401.50,8.2609430E+02
401.60,8.2982573E+02
401.70,8.3267160E+02
401.80,8.3654700E+02
401.90,8.3939490E+02
402.00,8.4282573E+02
402.10,8.4632720E+02
402.20,8.5002847E+02
402.30,8.5312137E+02
402.40,8.5628177E+02
402.50,8.5960347E+02
402.60,8.6303140E+02
402.70,8.6569820E+02
402.80,8.6949783E+02
402.90,8.7290327E+02
403.00,8.7557013E+02
403.10,8.7969077E+02
403.20,8.8257927E+02
403.30,8.8586457E+02
403.40,8.8888503E+02
403.50,8.9305677E+02
403.60,8.9621147E+02
403.70,8.9967923E+02
403.80,9.0245733E+02
403.90,9.0589020E+02
404.00,9.0924263E+02
404.10,9.1197047E+02
404.20,9.1581677E+02
404.30,9.1904360E+02
404.40,9.2240110E+02
404.50,9.2599013E+02
404.60,9.2947273E+02
404.70,9.3195827E+02
404.80,9.3546953E+02
404.90,9.3914703E+02
405.00,9.4206187E+02
405.10,9.4542807E+02
405.20,9.4915297E+02
405.30,9.5164760E+02
405.40,9.5473983E+02
405.50,9.5841817E+02
405.60,9.6137600E+02
405.70,9.6471680E+02
405.80,9.6811107E+02
405.90,9.7173123E+02
406.00,9.7458337E+02
406.10,9.7810830E+02
406.20,9.8093300E+02
406.30,9.8438573E+02
406.40,9.8731470E+02
406.50,9.9047263E+02
406.60,9.9408893E+02
406.70,9.9662237E+02
406.80,1.0007829E+03
406.90,1.0033551E+03
407.00,1.0066939E+03
407.10,1.0094375E+03
407.20,1.0129147E+03
407.30,1.0162447E+03
407.40,1.0196653E+03
407.50,1.0223790E+03
407.60,1.0259517E+03
407.70,1.0288593E+03
407.80,1.0324210E+03
407.90,1.0356637E+03
408.00,1.0380877E+03
408.10,1.0420983E+03
408.20,1.0445847E+03
408.30,1.0481520E+03
408.40,1.0512793E+03
408.50,1.0544960E+03
408.60,1.0571293E+03
408.70,1.0604207E+03
408.80,1.0633770E+03
408.90,1.0668197E+03
409.00,1.0696323E+03
409.10,1.0728197E+03
409.20,1.0761440E+03
409.30,1.0788317E+03
409.40,1.0823677E+03
409.50,1.0850820E+03
409.60,1.0879927E+03
409.70,1.0905397E+03
409.80,1.0940720E+03
409.90,1.0970420E+03
410.00,1.0996023E+03
410.10,1.1034157E+03
410.20,1.1059457E+03
410.30,1.1090307E+03
410.40,1.1117913E+03
410.50,1.1147997E+03
410.60,1.1178017E+03
410.70,1.1208650E+03
410.80,1.1237437E+03
410.90,1.1268010E+03
411.00,1.1292703E+03
411.10,1.1324147E+03
411.20,1.1354993E+03
411.30,1.1382723E+03
411.40,1.1410613E+03
411.50,1.1442560E+03
411.60,1.1472513E+03
411.70,1.1495687E+03
411.80,1.1528063E+03
411.90,1.1552503E+03
412.00,1.1581997E+03
412.10,1.1607780E+03
412.20,1.1637347E+03
412.30,1.1664833E+03
412.40,1.1694203E+03
412.50,1.1727797E+03
412.60,1.1748337E+03
412.70,1.1777520E+03
412.80,1.1803283E+03
412.90,1.1832860E+03
413.00,1.1854800E+03
413.10,1.1887363E+03
413.20,1.1911103E+03
413.30,1.1940227E+03
413.40,1.1963657E+03
413.50,1.1990470E+03
413.60,1.2015013E+03
413.70,1.2039247E+03
413.80,1.2065823E+03
413.90,1.2095663E+03
414.00,1.2117497E+03
414.10,1.2143867E+03
414.20,1.2171797E+03
414.30,1.2202240E+03
414.40,1.2223423E+03
414.50,1.2253810E+03
414.60,1.2271260E+03
414.70,1.2301903E+03
414.80,1.2327053E+03
414.90,1.2353653E+03
415.00,1.2375417E+03
415.10,1.2400533E+03
415.20,1.2426497E+03
415.30,1.2449393E+03
415.40,1.2475543E+03
415.50,1.2494337E+03
415.60,1.2520957E+03
415.70,1.2546213E+03
415.80,1.2570883E+03
415.90,1.2595670E+03
416.00,1.2618200E+03
416.10,1.2636480E+03
416.20,1.2664673E+03
416.30,1.2684840E+03
416.40,1.2706883E+03
416.50,1.2732687E+03
416.60,1.2751080E+03
416.70,1.2776193E+03
416.80,1.2797587E+03
416.90,1.2819053E+03
417.00,1.2841637E+03
417.10,1.2866837E+03
417.20,1.2887043E+03
417.30,1.2907713E+03
417.40,1.2927680E+03
417.50,1.2948080E+03
417.60,1.2971547E+03
417.70,1.2988727E+03
417.80,1.3010500E+03
417.90,1.3029360E+03
418.00,1.3054927E+03
418.10,1.3073397E+03
418.20,1.3092973E+03
418.30,1.3111160E+03
418.40,1.3132640E+03
418.50,1.3153840E+03
418.60,1.3173753E+03
418.70,1.3190683E+03
418.80,1.3211483E+03
418.90,1.3230283E+03
419.00,1.3247953E+03
419.10,1.3267603E+03
419.20,1.3290780E+03
419.30,1.3305923E+03
419.40,1.3321610E+03
419.50,1.3341990E+03
419.60,1.3357857E+03
419.70,1.3377377E+03
419.80,1.3396157E+03
419.90,1.3413037E+03
420.00,1.3430173E+03
420.10,1.3449113E+03
420.20,1.3468067E+03
420.30,1.3477123E+03
420.40,1.3497703E+03
420.50,1.3513517E+03
420.60,1.3532300E+03
420.70,1.3546470E+03
420.80,1.3558027E+03
420.90,1.3577597E+03
421.00,1.3592543E+03
421.10,1.3608017E+03
421.20,1.3625497E+03
421.30,1.3641083E+03
421.40,1.3650040E+03
421.50,1.3669403E+03
421.60,1.3683453E+03
421.70,1.3696157E+03
421.80,1.3712120E+03
421.90,1.3726123E+03
422.00,1.3741057E+03
422.10,1.3756217E+03
422.20,1.3769157E+03
422.30,1.3780950E+03
422.40,1.3790240E+03
422.50,1.3807013E+03
422.60,1.3823707E+03
422.70,1.3832303E+03
422.80,1.3850150E+03
422.90,1.3857933E+03
423.00,1.3872880E+03
423.10,1.3881670E+03
423.20,1.3897073E+03
423.30,1.3907363E+03
423.40,1.3917243E+03
423.50,1.3932303E+03
423.60,1.3944013E+03
423.70,1.3952870E+03
423.80,1.3962860E+03
423.90,1.3977800E+03
424.00,1.3986233E+03
424.10,1.4000100E+03
424.20,1.4005350E+03
424.30,1.4016693E+03
424.40,1.4024983E+03
424.50,1.4038773E+03
424.60,1.4046813E+03
424.70,1.4054957E+03
424.80,1.4064783E+03
424.90,1.4077280E+03
425.00,1.4079547E+03
425.10,1.4090697E+03
425.20,1.4099450E+03
425.30,1.4106380E+03
425.40,1.4118377E+03
425.50,1.4125133E+03
425.60,1.4132413E+03
425.70,1.4138520E+03
425.80,1.4149750E+03
425.90,1.4154183E+03
426.00,1.4161553E+03
426.10,1.4170763E+03
426.20,1.4175883E+03
426.30,1.4180363E+03
426.40,1.4192453E+03
426.50,1.4195500E+03
426.60,1.4202643E+03
426.70,1.4202860E+03
426.80,1.4212743E+03
426.90,1.4220463E+03
427.00,1.4223710E+03
427.10,1.4233687E+03
427.20,1.4239230E+03
427.30,1.4243947E+03
427.40,1.4245683E+03
427.50,1.4252307E+03
427.60,1.4253267E+03
427.70,1.4256157E+03
427.80,1.4263180E+03
427.90,1.4267900E+03
428.00,1.4268780E+03
428.10,1.4274307E+03
428.20,1.4279357E+03
428.30,1.4278320E+03
428.40,1.4280530E+03
428.50,1.4286833E+03
428.60,1.4284250E+03
428.70,1.4286633E+03
428.80,1.4290440E+03
428.90,1.4291250E+03
429.00,1.4295583E+03
429.10,1.4298713E+03
429.20,1.4296707E+03
429.30,1.4303550E+03
429.40,1.4302237E+03
429.50,1.4300900E+03
429.60,1.4306377E+03
429.70,1.4307387E+03
429.80,1.4308660E+03
429.90,1.4305860E+03
430.00,1.4308040E+03
430.10,1.4308103E+03
430.20,1.4310710E+03
430.30,1.4306130E+03
430.40,1.4308817E+03
430.50,1.4307597E+03
430.60,1.4302760E+03
430.70,1.4305193E+03
430.80,1.4305547E+03
430.90,1.4302103E+03
431.00,1.4300957E+03
431.10,1.4300430E+03
431.20,1.4298373E+03
431.30,1.4296580E+03
431.40,1.4293093E+03
431.50,1.4292380E+03
431.60,1.4292093E+03
431.70,1.4288840E+03
431.80,1.4281753E+03
431.90,1.4281113E+03
432.00,1.4278613E+03
432.10,1.4273703E+03
432.20,1.4272613E+03
432.30,1.4268240E+03
432.40,1.4260503E+03
432.50,1.4261907E+03
432.60,1.4257017E+03
432.70,1.4253963E+03
432.80,1.4244213E+03
432.90,1.4243107E+03
433.00,1.4240383E+03
433.10,1.4234367E+03
433.20,1.4228690E+03
433.30,1.4225940E+03
433.40,1.4218363E+03
433.50,1.4211510E+03
433.60,1.4209193E+03
433.70,1.4203907E+03
433.80,1.4195257E+03
433.90,1.4189993E+03
434.00,1.4179710E+03
434.10,1.4176460E+03
434.20,1.4167810E+03
434.30,1.4162993E+03
434.40,1.4156067E+03
434.50,1.4145357E+03
434.60,1.4144073E+03
434.70,1.4132663E+03
434.80,1.4126540E+03
434.90,1.4117327E+03
435.00,1.4109740E+03
435.10,1.4103507E+03
435.20,1.4097873E+03
435.30,1.4087373E+03
435.40,1.4078797E+03
435.50,1.4070597E+03
435.60,1.4061863E+03
435.70,1.4052157E+03
435.80,1.4044293E+03
435.90,1.4038410E+03
436.00,1.4026180E+03
436.10,1.4018650E+03
436.20,1.4011393E+03
436.30,1.3998283E+03
436.40,1.3988600E+03
436.50,1.3982793E+03
436.60,1.3968013E+03
436.70,1.3958337E+03
436.80,1.3952053E+03
436.90,1.3943033E+03
437.00,1.3927130E+03
437.10,1.3917383E+03
437.20,1.3907057E+03
437.30,1.3898360E+03
437.40,1.3882987E+03
437.50,1.3876420E+03
437.60,1.3867570E+03
437.70,1.3849343E+03
437.80,1.3838113E+03
437.90,1.3826307E+03
438.00,1.3815797E+03
438.10,1.3802353E+03
438.20,1.3794073E+03
438.30,1.3781563E+03
438.40,1.3765683E+03
438.50,1.3752263E+03
438.60,1.3741633E+03
438.70,1.3725887E+03
438.80,1.3711280E+03
438.90,1.3699573E+03
439.00,1.3687870E+03
439.10,1.3677417E+03
439.20,1.3665567E+03
439.30,1.3648100E+03
439.40,1.3633927E+03
439.50,1.3620943E+03
439.60,1.3609690E+03
439.70,1.3587843E+03
439.80,1.3582043E+03
439.90,1.3565513E+03
440.00,1.3550110E+03
440.10,1.3538690E+03
440.20,1.3520833E+03
440.30,1.3507670E+03
440.40,1.3493550E+03
440.50,1.3478980E+03
440.60,1.3462523E+03
440.70,1.3445780E+03
440.80,1.3431213E+03
440.90,1.3418260E+03
441.00,1.3398170E+03
441.10,1.3383300E+03
441.20,1.3370637E+03
441.30,1.3355803E+03
441.40,1.3334673E+03
441.50,1.3321677E+03
441.60,1.3303257E+03
441.70,1.3286167E+03
441.80,1.3272050E+03
441.90,1.3256550E+03
442.00,1.3236303E+03
442.10,1.3221893E+03
442.20,1.3207487E+03
442.30,1.3185007E+03
442.40,1.3168803E+03
442.50,1.3156150E+03
442.60,1.3137623E+03
442.70,1.3115957E+03
442.80,1.3102007E+03
442.90,1.3081843E+03
443.00,1.3067060E+03
443.10,1.3048610E+03
443.20,1.3030703E+03
443.30,1.3010900E+03
443.40,1.2991130E+03
443.50,1.2976760E+03
443.60,1.2958047E+03
443.70,1.2940917E+03
443.80,1.2920543E+03
443.90,1.2902663E+03
444.00,1.2881267E+03
444.10,1.2866377E+03
444.20,1.2847843E+03
444.30,1.2828960E+03
444.40,1.2808240E+03
444.50,1.2790563E+03
444.60,1.2766500E+03
444.70,1.2749403E+03
444.80,1.2733097E+03
444.90,1.2712210E+03
445.00,1.2692117E+03
445.10,1.2672580E+03
445.20,1.2653183E+03
445.30,1.2630670E+03
445.40,1.2611840E+03
445.50,1.2588303E+03
445.60,1.2570437E+03
445.70,1.2550213E+03
445.80,1.2529377E+03
445.90,1.2506420E+03
446.00,1.2491000E+03
446.10,1.2472480E+03
446.20,1.2448743E+03
446.30,1.2432403E+03
446.40,1.2406833E+03
446.50,1.2391713E+03
446.60,1.2368330E+03
446.70,1.2348490E+03
446.80,1.2327057E+03
446.90,1.2304843E+03
447.00,1.2283380E+03
447.10,1.2262940E+03
447.20,1.2244437E+03
447.30,1.2223173E+03
447.40,1.2202600E+03
447.50,1.2176847E+03
447.60,1.2159873E+03
447.70,1.2134317E+03
447.80,1.2113700E+03
447.90,1.2093523E+03
448.00,1.2071440E+03
448.10,1.2046373E+03
448.20,1.2027657E+03
448.30,1.2004503E+03
448.40,1.1984303E+03
448.50,1.1959433E+03
448.60,1.1936613E+03
448.70,1.1916967E+03
448.80,1.1895300E+03
448.90,1.1871707E+03
449.00,1.1849810E+03
449.10,1.1827563E+03
449.20,1.1800093E+03
449.30,1.1781700E+03
449.40,1.1757617E+03
449.50,1.1735843E+03
449.60,1.1716283E+03
449.70,1.1693113E+03
449.80,1.1666430E+03
449.90,1.1645620E+03
450.00,1.1625720E+03
450.10,1.1596980E+03
450.20,1.1579033E+03
450.30,1.1550913E+03
450.40,1.1529003E+03
450.50,1.1504773E+03
450.60,1.1487033E+03
450.70,1.1457650E+03
450.80,1.1432837E+03
450.90,1.1408593E+03
451.00,1.1390667E+03
451.10,1.1363710E+03
451.20,1.1341377E+03
451.30,1.1318183E+03
451.40,1.1295167E+03
451.50,1.1272910E+03
451.60,1.1251927E+03
451.70,1.1227640E+03
451.80,1.1198950E+03
451.90,1.1180047E+03
452.00,1.1152523E+03
452.10,1.1126257E+03
452.20,1.1106047E+03
452.30,1.1081093E+03
452.40,1.1056490E+03
452.50,1.1031683E+03
452.60,1.1011947E+03
452.70,1.0983617E+03
452.80,1.0961593E+03
452.90,1.0941410E+03
453.00,1.0915797E+03
453.10,1.0889350E+03
453.20,1.0865593E+03
453.30,1.0840803E+03
453.40,1.0814817E+03
453.50,1.0791507E+03
453.60,1.0769673E+03
453.70,1.0741797E+03
453.80,1.0717150E+03
453.90,1.0693777E+03
454.00,1.0670827E+03
454.10,1.0641903E+03
454.20,1.0619660E+03
454.30,1.0597633E+03
454.40,1.0570237E+03
454.50,1.0544840E+03
454.60,1.0522003E+03
454.70,1.0495623E+03
454.80,1.0470830E+03
454.90,1.0452193E+03
455.00,1.0422480E+03
455.10,1.0399580E+03
455.20,1.0377393E+03
455.30,1.0352850E+03
455.40,1.0328960E+03
455.50,1.0302180E+03
455.60,1.0278460E+03
455.70,1.0247040E+03
455.80,1.0226167E+03
455.90,1.0201967E+03
456.00,1.0175677E+03
456.10,1.0148820E+03
456.20,1.0125638E+03
456.30,1.0101420E+03
456.40,1.0075684E+03
456.50,1.0051546E+03
456.60,1.0028243E+03
456.70,1.0000877E+03
456.80,9.9778773E+02
456.90,9.9545320E+02
457.00,9.9253903E+02
457.10,9.9022610E+02
457.20,9.8784810E+02
457.30,9.8512917E+02
457.40,9.8242013E+02
457.50,9.8032290E+02
457.60,9.7764470E+02
457.70,9.7517780E+02
457.80,9.7250070E+02
457.90,9.6985457E+02
458.00,9.6751383E+02
458.10,9.6512967E+02
458.20,9.6286063E+02
458.30,9.5991820E+02
458.40,9.5722780E+02
458.50,9.5522860E+02
458.60,9.5281987E+02
458.70,9.4997630E+02
458.80,9.4764353E+02
458.90,9.4485650E+02
459.00,9.4252377E+02
459.10,9.4010253E+02
459.20,9.3735500E+02
459.30,9.3503470E+02
459.40,9.3241867E+02
459.50,9.2976897E+02
459.60,9.2737930E+02
459.70,9.2502830E+02
459.80,9.2220230E+02
459.90,9.1976597E+02
460.00,9.1724133E+02
460.10,9.1481773E+02
460.20,9.1199770E+02
460.30,9.0979277E+02
460.40,9.0720380E+02
460.50,9.0479560E+02
460.60,9.0224617E+02
460.70,8.9976117E+02
460.80,8.9725497E+02
460.90,8.9486633E+02
461.00,8.9225617E+02
461.10,8.8982080E+02
461.20,8.8719107E+02
461.30,8.8459460E+02
461.40,8.8232767E+02
461.50,8.7968643E+02
461.60,8.7733510E+02
461.70,8.7455803E+02
461.80,8.7206143E+02
461.90,8.6981580E+02
462.00,8.6730193E+02
462.10,8.6510490E+02
462.20,8.6198650E+02
462.30,8.6008513E+02
462.40,8.5750873E+02
462.50,8.5497293E+02
462.60,8.5225207E+02
462.70,8.4986747E+02
462.80,8.4739430E+02
462.90,8.4498237E+02
463.00,8.4265050E+02
463.10,8.4006223E+02
463.20,8.3767997E+02
463.30,8.3555300E+02
463.40,8.3302617E+02
463.50,8.3029590E+02
463.60,8.2802740E+02
463.70,8.2538940E+02
463.80,8.2295223E+02
463.90,8.2040870E+02
464.00,8.1846227E+02
464.10,8.1532957E+02
464.20,8.1325313E+02
464.30,8.1109003E+02
464.40,8.0824660E+02
464.50,8.0602557E+02
464.60,8.0357170E+02
464.70,8.0105197E+02
464.80,7.9822913E+02
464.90,7.9623580E+02
465.00,7.9386450E+02
465.10,7.9122983E+02
465.20,7.8893037E+02
465.30,7.8664467E+02
465.40,7.8435380E+02
465.50,7.8138877E+02
465.60,7.7931820E+02
465.70,7.7680073E+02
465.80,7.7416720E+02
465.90,7.7190390E+02
466.00,7.6976480E+02
466.10,7.6704383E+02
466.20,7.6454370E+02
466.30,7.6253473E+02
466.40,7.6001407E+02
466.50,7.5707280E+02
466.60,7.5512727E+02
466.70,7.5272447E+02
466.80,7.5008333E+02
466.90,7.4783147E+02
467.00,7.4595413E+02
467.10,7.4326280E+02
467.20,7.4111480E+02
467.30,7.3880473E+02
467.40,7.3598947E+02
467.50,7.3347940E+02
467.60,7.3145200E+02
467.70,7.2911397E+02
467.80,7.2657590E+02
467.90,7.2437547E+02
468.00,7.2188563E+02
468.10,7.1968863E+02
468.20,7.1728023E+02
468.30,7.1555887E+02
468.40,7.1277523E+02
468.50,7.1021723E+02
468.60,7.0844230E+02
468.70,7.0594153E+02
468.80,7.0332160E+02
468.90,7.0131267E+02
469.00,6.9917773E+02
469.10,6.9679850E+02
469.20,6.9431500E+02
469.30,6.9184977E+02
469.40,6.8979690E+02
469.50,6.8729983E+02
469.60,6.8524480E+02
469.70,6.8271263E+02
469.80,6.8064180E+02
469.90,6.7843897E+02
470.00,6.7578453E+02
470.10,6.7362077E+02
470.20,6.7131507E+02
470.30,6.6927103E+02
470.40,6.6667470E+02
470.50,6.6492550E+02
470.60,6.6265657E+02
470.70,6.6019330E+02
470.80,6.5756127E+02
470.90,6.5638247E+02
471.00,6.5357640E+02
471.10,6.5109760E+02
471.20,6.4907513E+02
471.30,6.4697323E+02
471.40,6.4428987E+02
471.50,6.4221127E+02
471.60,6.4016863E+02
471.70,6.3745360E+02
471.80,6.3554040E+02
471.90,6.3334820E+02
472.00,6.3115340E+02
472.10,6.2887930E+02
472.20,6.2698583E+02
472.30,6.2458550E+02
472.40,6.2251043E+02
472.50,6.2030270E+02
472.60,6.1843683E+02
472.70,6.1637090E+02
472.80,6.1381337E+02
472.90,6.1209430E+02
473.00,6.0943447E+02
473.10,6.0720870E+02
473.20,6.0539497E+02
473.30,6.0344560E+02
473.40,6.0087627E+02
473.50,5.9877610E+02
473.60,5.9685780E+02
473.70,5.9475517E+02
473.80,5.9248900E+02
473.90,5.9037010E+02
474.00,5.8825173E+02
474.10,5.8567410E+02
474.20,5.8409767E+02
474.30,5.8216477E+02
474.40,5.7972340E+02
474.50,5.7767917E+02
474.60,5.7583800E+02
474.70,5.7366170E+02
474.80,5.7185090E+02
474.90,5.6957907E+02
475.00,5.6729093E+02
475.10,5.6550210E+02
475.20,5.6319443E+02
475.30,5.6085863E+02
475.40,5.5879180E+02
475.50,5.5741167E+02
475.60,5.5516413E+02
475.70,5.5300227E+02
475.80,5.5072497E+02
475.90,5.4879960E+02
476.00,5.4660303E+02
476.10,5.4449110E+02
476.20,5.4236193E+02
476.30,5.4059193E+02
476.40,5.3869623E+02
476.50,5.3663610E+02
476.60,5.3467680E+02
476.70,5.3285223E+02
476.80,5.3091887E+02
476.90,5.2886207E+02
477.00,5.2680390E+02
477.10,5.2476123E+02
477.20,5.2264453E+02
477.30,5.2117550E+02
477.40,5.1883233E+02
477.50,5.1703533E+02
477.60,5.1475013E+02
477.70,5.1327447E+02
477.80,5.1100330E+02
477.90,5.0931670E+02
478.00,5.0730940E+02
478.10,5.0550590E+02
478.20,5.0329447E+02
478.30,5.0179293E+02
478.40,4.9993913E+02
478.50,4.9759183E+02
478.60,4.9599280E+02
478.70,4.9382880E+02
478.80,4.9248800E+02
478.90,4.9045787E+02
479.00,4.8864310E+02
479.10,4.8684443E+02
479.20,4.8481503E+02
479.30,4.8331430E+02
479.40,4.8104497E+02
479.50,4.7921130E+02
479.60,4.7734470E+02
479.70,4.7501420E+02
479.80,4.7321287E+02
479.90,4.7166623E+02
480.00,4.7012243E+02
480.10,4.6805370E+02
480.20,4.6606670E+02
480.30,4.6456193E+02
480.40,4.6261023E+02
480.50,4.6086310E+02
480.60,4.5895563E+02
480.70,4.5741223E+02
480.80,4.5532820E+02
480.90,4.5340517E+02
481.00,4.5197233E+02
481.10,4.4990133E+02
481.20,4.4814947E+02
481.30,4.4670183E+02
481.40,4.4473910E+02
481.50,4.4280557E+02
481.60,4.4117863E+02
481.70,4.3927263E+02
481.80,4.3760980E+02
481.90,4.3619137E+02
482.00,4.3388957E+02
482.10,4.3196343E+02
482.20,4.3042397E+02
482.30,4.2885740E+02
482.40,4.2725943E+02
482.50,4.2552573E+02
482.60,4.2382267E+02
482.70,4.2214920E+02
482.80,4.2022933E+02
482.90,4.1909840E+02
483.00,4.1764277E+02
483.10,4.1564250E+02
483.20,4.1353410E+02
483.30,4.1211193E+02
483.40,4.1039033E+02
483.50,4.0872420E+02
483.60,4.0695610E+02
483.70,4.0547307E+02
483.80,4.0331010E+02
483.90,4.0210730E+02
484.00,4.0039880E+02
484.10,3.9875483E+02
484.20,3.9694753E+02
484.30,3.9559607E+02
484.40,3.9392723E+02
484.50,3.9219680E+02
484.60,3.9109140E+02
484.70,3.8938387E+02
484.80,3.8745597E+02
484.90,3.8618007E+02
485.00,3.8467960E+02
485.10,3.8231680E+02
485.20,3.8109567E+02
485.30,3.7977147E+02
485.40,3.7776793E+02
485.50,3.7641023E+02
485.60,3.7489043E+02
485.70,3.7347600E+02
485.80,3.7172737E+02
485.90,3.7036263E+02
486.00,3.6870860E+02
486.10,3.6705537E+02
486.20,3.6598943E+02
486.30,3.6477763E+02
486.40,3.6282147E+02
486.50,3.6125440E+02
486.60,3.5988017E+02
486.70,3.5847983E+02
486.80,3.5682187E+02
486.90,3.5546457E+02
487.00,3.5415910E+02
487.10,3.5209253E+02
487.20,3.5091837E+02
487.30,3.4963003E+02
487.40,3.4769863E+02
487.50,3.4652963E+02
487.60,3.4506433E+02
487.70,3.4370957E+02
487.80,3.4182960E+02
487.90,3.4066020E+02
488.00,3.3942317E+02
488.10,3.3759750E+02
488.20,3.3628717E+02
488.30,3.3518673E+02
488.40,3.3368590E+02
488.50,3.3196510E+02
488.60,3.3079093E+02
488.70,3.2926873E+02
488.80,3.2774027E+02
488.90,3.2667420E+02
489.00,3.2511670E+02
489.10,3.2332577E+02
489.20,3.2203017E+02
489.30,3.2078710E+02
489.40,3.1931860E+02
489.50,3.1820460E+02
489.60,3.1715750E+02
489.70,3.1529240E+02
489.80,3.1393287E+02
489.90,3.1242413E+02
490.00,3.1124383E+02
490.10,3.0965593E+02
490.20,3.0852387E+02
490.30,3.0729800E+02
490.40,3.0614573E+02
490.50,3.0451347E+02
490.60,3.0337697E+02
490.70,3.0186327E+02
490.80,3.0059750E+02
490.90,2.9929403E+02
491.00,2.9801630E+02
491.10,2.9683997E+02
491.20,2.9523130E+02
491.30,2.9429093E+02
491.40,2.9280643E+02
491.50,2.9167133E+02
491.60,2.9023583E+02
491.70,2.8872647E+02
491.80,2.8763363E+02
491.90,2.8644800E+02
492.00,2.8494593E+02
492.10,2.8374060E+02
492.20,2.8265980E+02
492.30,2.8169963E+02
492.40,2.7997903E+02
492.50,2.7870233E+02
492.60,2.7769100E+02
492.70,2.7674847E+02
492.80,2.7528340E+02
492.90,2.7389060E+02
493.00,2.7281857E+02
493.10,2.7156333E+02
493.20,2.7039643E+02
493.30,2.6935957E+02
493.40,2.6793460E+02
493.50,2.6666060E+02
493.60,2.6555727E+02
493.70,2.6419763E+02
493.80,2.6306153E+02
493.90,2.6178607E+02
494.00,2.6078190E+02
494.10,2.5927593E+02
494.20,2.5859223E+02
494.30,2.5733037E+02
494.40,2.5600290E+02
494.50,2.5487103E+02
494.60,2.5383703E+02
494.70,2.5283797E+02
494.80,2.5151383E+02
494.90,2.5058770E+02
495.00,2.4934070E+02
495.10,2.4812620E+02
495.20,2.4725480E+02
495.30,2.4600323E+02
495.40,2.4490263E+02
495.50,2.4346713E+02
495.60,2.4269330E+02
495.70,2.4128277E+02
495.80,2.3994413E+02
495.90,2.3931293E+02
496.00,2.3828823E+02
496.10,2.3713173E+02
496.20,2.3554807E+02
496.30,2.3480300E+02
496.40,2.3375803E+02
496.50,2.3275563E+02
496.60,2.3172413E+02
496.70,2.3087190E+02
496.80,2.2922120E+02
496.90,2.2846530E+02
497.00,2.2747777E+02
497.10,2.2645717E+02
497.20,2.2504663E+02
497.30,2.2416607E+02
497.40,2.2348157E+02
497.50,2.2199947E+02
497.60,2.2116503E+02
497.70,2.1990487E+02
497.80,2.1920837E+02
497.90,2.1795573E+02
498.00,2.1737600E+02
498.10,2.1593237E+02
498.20,2.1507247E+02
498.30,2.1433693E+02
498.40,2.1348877E+02
498.50,2.1188927E+02
498.60,2.1094727E+02
498.70,2.1017060E+02
498.80,2.0924253E+02
498.90,2.0825657E+02
499.00,2.0735810E+02
499.10,2.0627247E+02
499.20,2.0558403E+02
499.30,2.0464220E+02
499.40,2.0351517E+02
499.50,2.0235253E+02
499.60,2.0169417E+02
499.70,2.0067810E+02
499.80,1.9954610E+02
499.90,1.9888633E+02
500.00,1.9801020E+02
500.10,1.9676173E+02
500.20,1.9629947E+02
500.30,1.9541643E+02
500.40,1.9402940E+02
500.50,1.9328597E+02
500.60,1.9242710E+02
500.70,1.9174290E+02
500.80,1.9060877E+02
500.90,1.8964567E+02
501.00,1.8887187E+02
501.10,1.8780000E+02
501.20,1.8699440E+02
501.30,1.8638590E+02
501.40,1.8499603E+02
501.50,1.8450537E+02
501.60,1.8327167E+02
501.70,1.8236397E+02
501.80,1.8122413E+02
501.90,1.8054893E+02
502.00,1.8024217E+02
502.10,1.7901183E+02
502.20,1.7782873E+02
502.30,1.7740773E+02
502.40,1.7643760E+02
502.50,1.7540533E+02
502.60,1.7494363E+02
502.70,1.7402430E+02
502.80,1.7313797E+02
502.90,1.7224220E+02
503.00,1.7179833E+02
503.10,1.7044497E+02
503.20,1.6981870E+02
503.30,1.6911767E+02
503.40,1.6809193E+02
503.50,1.6704760E+02
503.60,1.6651473E+02
503.70,1.6582230E+02
503.80,1.6464510E+02
503.90,1.6418127E+02
504.00,1.6371493E+02
504.10,1.6239553E+02
504.20,1.6186193E+02
504.30,1.6107730E+02
504.40,1.6002283E+02
504.50,1.5923513E+02
504.60,1.5895030E+02
504.70,1.5797523E+02
504.80,1.5691187E+02
504.90,1.5666683E+02
505.00,1.5572600E+02
505.10,1.5453363E+02
505.20,1.5416077E+02
505.30,1.5342450E+02
505.40,1.5244480E+02
505.50,1.5229593E+02
505.60,1.5129650E+02
505.70,1.5032257E+02
505.80,1.4958130E+02
505.90,1.4906513E+02
506.00,1.4856070E+02
506.10,1.4713187E+02
506.20,1.4687253E+02
506.30,1.4614387E+02
506.40,1.4535610E+02
506.50,1.4488723E+02
506.60,1.4427473E+02
506.70,1.4348510E+02
506.80,1.4240367E+02
506.90,1.4217337E+02
507.00,1.4131160E+02
507.10,1.4032353E+02
507.20,1.4021523E+02
507.30,1.3920620E+02
507.40,1.3830463E+02
507.50,1.3758903E+02
507.60,1.3714533E+02
507.70,1.3635457E+02
507.80,1.3585697E+02
507.90,1.3505817E+02
508.00,1.3435187E+02
508.10,1.3355393E+02
508.20,1.3277937E+02
508.30,1.3242083E+02
508.40,1.3147473E+02
508.50,1.3057667E+02
508.60,1.3024487E+02
508.70,1.2946443E+02
508.80,1.2919177E+02
508.90,1.2817763E+02
509.00,1.2789760E+02
509.10,1.2694520E+02
509.20,1.2660373E+02
509.30,1.2593380E+02
509.40,1.2519227E+02
509.50,1.2481163E+02
509.60,1.2415137E+02
509.70,1.2342407E+02
509.80,1.2273357E+02
509.90,1.2193757E+02
510.00,1.2130730E+02
510.10,1.2089023E+02
510.20,1.2030847E+02
510.30,1.1968287E+02
510.40,1.1896683E+02
510.50,1.1833397E+02
510.60,1.1779717E+02
510.70,1.1763547E+02
510.80,1.1676890E+02
510.90,1.1594540E+02
511.00,1.1572713E+02
511.10,1.1501063E+02
511.20,1.1453023E+02
511.30,1.1367203E+02
511.40,1.1360040E+02
511.50,1.1304380E+02
511.60,1.1222000E+02
511.70,1.1174143E+02
511.80,1.1089727E+02
511.90,1.1081617E+02
512.00,1.0999573E+02
512.10,1.0928493E+02
512.20,1.0891690E+02
512.30,1.0848930E+02
512.40,1.0752117E+02
512.50,1.0721027E+02
512.60,1.0633873E+02
512.70,1.0603820E+02
512.80,1.0540617E+02
512.90,1.0500450E+02
513.00,1.0425687E+02
513.10,1.0365580E+02
513.20,1.0357507E+02
513.30,1.0260070E+02
513.40,1.0252887E+02
513.50,1.0176027E+02
513.60,1.0144668E+02
513.70,1.0061971E+02
513.80,1.0005762E+02
513.90,9.9891743E+01
514.00,9.9304980E+01
514.10,9.8882950E+01
514.20,9.8035427E+01
514.30,9.7892187E+01
514.40,9.7414940E+01
514.50,9.7030457E+01
514.60,9.6393520E+01
514.70,9.5405480E+01
514.80,9.4908227E+01
514.90,9.4376107E+01
515.00,9.4272307E+01
515.10,9.3629590E+01
515.20,9.3057553E+01
515.30,9.2700657E+01
515.40,9.2120473E+01
515.50,9.1521430E+01
515.60,9.1292037E+01
515.70,9.0743897E+01
515.80,9.0290373E+01
515.90,8.9982953E+01
516.00,8.9372437E+01
516.10,8.9070100E+01
516.20,8.8544307E+01
516.30,8.8472407E+01
516.40,8.7825383E+01
516.50,8.7135323E+01
516.60,8.6802667E+01
516.70,8.6493397E+01
516.80,8.5873290E+01
516.90,8.5548663E+01
517.00,8.4978120E+01
517.10,8.4740687E+01
517.20,8.3954973E+01
517.30,8.3956480E+01
517.40,8.3166770E+01
517.50,8.2592720E+01
517.60,8.2301983E+01
517.70,8.2079787E+01
517.80,8.1128320E+01
517.90,8.1101250E+01
518.00,8.0616767E+01
518.10,8.0265317E+01
518.20,7.9908377E+01
518.30,7.9215957E+01
518.40,7.8939907E+01
518.50,7.8456620E+01
518.60,7.7985517E+01
518.70,7.7862113E+01
518.80,7.7052323E+01
518.90,7.6884770E+01
519.00,7.6637650E+01
519.10,7.5939910E+01
519.20,7.5315427E+01
519.30,7.5311463E+01
519.40,7.4591720E+01
519.50,7.4293157E+01
519.60,7.4198587E+01
519.70,7.4197757E+01
519.80,7.3280453E+01
519.90,7.2998263E+01
520.00,7.2652717E+01
520.10,7.2309540E+01
520.20,7.1564187E+01
520.30,7.1385973E+01
520.40,7.0936717E+01
520.50,7.0814577E+01
520.60,7.0505207E+01
520.70,6.9754983E+01
520.80,6.9590830E+01
520.90,6.8948157E+01
521.00,6.8609133E+01
521.10,6.8156483E+01
521.20,6.8001890E+01
521.30,6.8045313E+01
521.40,6.7082163E+01
521.50,6.6804593E+01
521.60,6.6510110E+01
521.70,6.6156570E+01
521.80,6.5713717E+01
521.90,6.5728327E+01
522.00,6.5224140E+01
522.10,6.4900493E+01
522.20,6.4485683E+01
522.30,6.4351617E+01
522.40,6.3640190E+01
522.50,6.3489420E+01
522.60,6.3079337E+01
522.70,6.2667360E+01
522.80,6.2360967E+01
522.90,6.2018967E+01
523.00,6.1781130E+01
523.10,6.1234333E+01
523.20,6.1246737E+01
523.30,6.0949363E+01
523.40,6.0539617E+01
523.50,6.0305523E+01
523.60,5.9737540E+01
523.70,5.9164690E+01
523.80,5.8955377E+01
523.90,5.9108140E+01
524.00,5.8440147E+01
524.10,5.8067933E+01
524.20,5.8048190E+01
524.30,5.7638363E+01
524.40,5.7339927E+01
524.50,5.7084257E+01
524.60,5.6532193E+01
524.70,5.6314780E+01
524.80,5.5954000E+01
524.90,5.6001007E+01
525.00,5.5787513E+01
525.10,5.4999193E+01
525.20,5.4961153E+01
525.30,5.4535957E+01
525.40,5.4035530E+01
525.50,5.4115737E+01
525.60,5.3932230E+01
525.70,5.3443577E+01
525.80,5.3341530E+01
525.90,5.2902087E+01
526.00,5.2529360E+01
526.10,5.2214237E+01
526.20,5.2115507E+01
526.30,5.1362197E+01
526.40,5.1138307E+01
526.50,5.1039320E+01
526.60,5.0664947E+01
526.70,5.0479577E+01
526.80,5.0211210E+01
526.90,5.0187657E+01
527.00,4.9876560E+01
527.10,4.9484313E+01
527.20,4.9419893E+01
527.30,4.9016843E+01
527.40,4.8904960E+01
527.50,4.8573610E+01
527.60,4.8450330E+01
527.70,4.7630143E+01
527.80,4.7971813E+01
527.90,4.7677310E+01
528.00,4.7103220E+01
528.10,4.7053913E+01
528.20,4.6593753E+01
528.30,4.6554493E+01
528.40,4.6126277E+01
528.50,4.5831830E+01
528.60,4.5257547E+01
528.70,4.5404340E+01
528.80,4.4966400E+01
528.90,4.4731857E+01
529.00,4.4447837E+01
529.10,4.4537130E+01
529.20,4.4481030E+01
529.30,4.4160713E+01
529.40,4.3548633E+01
529.50,4.3716350E+01
529.60,4.3349880E+01
529.70,4.3113023E+01
529.80,4.2960297E+01
529.90,4.2623580E+01
530.00,4.2451443E+01
530.10,4.2092293E+01
530.20,4.1999987E+01
530.30,4.1845000E+01
530.40,4.1544067E+01
530.50,4.1457417E+01
530.60,4.0944663E+01
530.70,4.0733320E+01
530.80,4.0526777E+01
530.90,4.0113797E+01
531.00,4.0167297E+01
531.10,3.9949157E+01
531.20,3.9634493E+01
531.30,3.9400510E+01
531.40,3.9108920E+01
531.50,3.8975887E+01
531.60,3.8757317E+01
531.70,3.8414307E+01
531.80,3.8488867E+01
531.90,3.8064927E+01
532.00,3.7858967E+01
532.10,3.7710157E+01
532.20,3.7163310E+01
532.30,3.7315200E+01
532.40,3.7034927E+01
532.50,3.6752373E+01
532.60,3.6763030E+01
532.70,3.6424090E+01
532.80,3.6347453E+01
532.90,3.5689347E+01
533.00,3.5939970E+01
533.10,3.5714227E+01
533.20,3.5511760E+01
533.30,3.5385217E+01
533.40,3.4942447E+01
533.50,3.4772390E+01
533.60,3.4423360E+01
533.70,3.4358510E+01
533.80,3.4306903E+01
533.90,3.3808080E+01
534.00,3.3942257E+01
534.10,3.3730923E+01
534.20,3.3623420E+01
534.30,3.3133007E+01
534.40,3.3300020E+01
534.50,3.2783550E+01
534.60,3.2924557E+01
534.70,3.2679397E+01
534.80,3.2197367E+01
534.90,3.1726833E+01
535.00,3.2234137E+01
535.10,3.1879257E+01
535.20,3.1541080E+01
535.30,3.1355547E+01
535.40,3.1405183E+01
535.50,3.0785227E+01
535.60,3.0985927E+01
535.70,3.0925413E+01
535.80,3.0431567E+01
535.90,3.0638950E+01
536.00,3.0272287E+01
536.10,2.9756843E+01
536.20,2.9514990E+01
536.30,2.9901683E+01
536.40,2.9384963E+01
536.50,2.9094477E+01
536.60,2.9337380E+01
536.70,2.8810910E+01
536.80,2.8942230E+01
536.90,2.8756023E+01
537.00,2.8476653E+01
537.10,2.8083990E+01
537.20,2.8176627E+01
537.30,2.7877067E+01
537.40,2.8093283E+01
537.50,2.7507743E+01
537.60,2.7638150E+01
537.70,2.7188050E+01
537.80,2.7345100E+01
537.90,2.7067687E+01
538.00,2.6902483E+01
538.10,2.6435720E+01
538.20,2.6629320E+01
538.30,2.6469110E+01
538.40,2.6155423E+01
538.50,2.5772450E+01
538.60,2.6563230E+01
538.70,2.5863077E+01
538.80,2.5670413E+01
538.90,2.5635833E+01
539.00,2.5612390E+01
539.10,2.5234333E+01
539.20,2.5127307E+01
539.30,2.5244193E+01
539.40,2.4984660E+01
539.50,2.4901323E+01
539.60,2.4709930E+01
539.70,2.4463753E+01
539.80,2.4003570E+01
539.90,2.4021213E+01
540.00,2.4316680E+01
540.10,2.3962193E+01
540.20,2.4055320E+01
540.30,2.4049687E+01
540.40,2.3309987E+01
540.50,2.3515760E+01
540.60,2.3309633E+01
540.70,2.3204817E+01
540.80,2.3385433E+01
540.90,2.3179707E+01
541.00,2.2290133E+01
541.10,2.2806273E+01
541.20,2.2471780E+01
541.30,2.2539567E+01
541.40,2.2336813E+01
541.50,2.2069373E+01
541.60,2.2197203E+01
541.70,2.1910637E+01
541.80,2.2050463E+01
541.90,2.1318863E+01
542.00,2.1245650E+01
542.10,2.1455340E+01
542.20,2.1513830E+01
542.30,2.1260453E+01
542.40,2.0429313E+01
542.50,2.0826017E+01
542.60,2.0730443E+01
542.70,2.0573483E+01
542.80,2.0133663E+01
542.90,2.0324783E+01
543.00,2.0373423E+01
543.10,2.0420730E+01
543.20,2.0020497E+01
543.30,1.9973480E+01
543.40,1.9701070E+01
543.50,1.9682263E+01
543.60,1.9563627E+01
543.70,1.9465647E+01
543.80,1.9086003E+01
543.90,1.9064210E+01
544.00,1.9141930E+01
544.10,1.9327350E+01
544.20,1.8733570E+01
544.30,1.8960393E+01
544.40,1.8815187E+01
544.50,1.8631113E+01
544.60,1.8382367E+01
544.70,1.8248463E+01
544.80,1.8449753E+01
544.90,1.8066023E+01
545.00,1.8125127E+01
545.10,1.8058797E+01
545.20,1.7722090E+01
545.30,1.7314017E+01
545.40,1.7703900E+01
545.50,1.7673500E+01
545.60,1.7361603E+01
545.70,1.7113337E+01
545.80,1.7496030E+01
545.90,1.7075093E+01
546.00,1.7024337E+01
546.10,1.6970603E+01
546.20,1.6839973E+01
546.30,1.6749910E+01
546.40,1.6662503E+01
546.50,1.6482417E+01
546.60,1.6336960E+01
546.70,1.6485933E+01
546.80,1.6309803E+01
546.90,1.6505750E+01
547.00,1.6174800E+01
547.10,1.6135973E+01
547.20,1.5781890E+01
547.30,1.5952120E+01
547.40,1.5995203E+01
547.50,1.5583370E+01
547.60,1.5187377E+01
547.70,1.5645380E+01
547.80,1.5618827E+01
547.90,1.5203603E+01
548.00,1.5372860E+01
548.10,1.5024530E+01
548.20,1.4815647E+01
548.30,1.5214803E+01
548.40,1.4834353E+01
548.50,1.4686377E+01
548.60,1.4657423E+01
548.70,1.4566827E+01
548.80,1.4819130E+01
548.90,1.4238567E+01
549.00,1.4454443E+01
549.10,1.4127453E+01
549.20,1.4256223E+01
549.30,1.4294307E+01
549.40,1.4190287E+01
549.50,1.3934670E+01
549.60,1.3884947E+01
549.70,1.3709380E+01
549.80,1.3536903E+01
549.90,1.3140290E+01
550.00,1.3572653E+01
550.10,1.3547917E+01
550.20,1.3279027E+01
550.30,1.3330703E+01
550.40,1.3178210E+01
550.50,1.3177637E+01
550.60,1.2915390E+01
550.70,1.3097333E+01
550.80,1.2939147E+01
550.90,1.2815927E+01
551.00,1.2903040E+01
551.10,1.2625460E+01
551.20,1.2512443E+01
551.30,1.2665630E+01
551.40,1.2495313E+01
551.50,1.2058750E+01
551.60,1.2261113E+01
551.70,1.2333117E+01
551.80,1.1991980E+01
551.90,1.1932517E+01
552.00,1.2007070E+01
552.10,1.2067020E+01
552.20,1.1734667E+01
552.30,1.1755127E+01
552.40,1.1884613E+01
552.50,1.1735600E+01
552.60,1.1623223E+01
552.70,1.1527740E+01
552.80,1.1120057E+01
552.90,1.1325510E+01
553.00,1.1192387E+01
553.10,1.0841976E+01
553.20,1.0937358E+01
553.30,1.1149342E+01
553.40,1.0986098E+01
553.50,1.0575870E+01
553.60,1.0865499E+01
553.70,1.0651784E+01
553.80,1.0767882E+01
553.90,1.0855185E+01
554.00,1.0704283E+01
554.10,1.0370304E+01
554.20,1.0318118E+01
554.30,1.0242820E+01
554.40,1.0394707E+01
554.50,1.0159279E+01
554.60,9.9993627E+00
554.70,1.0257929E+01
554.80,9.8536367E+00
554.90,9.7643260E+00
555.00,9.9833633E+00
555.10,1.0201481E+01
555.20,1.0022635E+01
555.30,9.7705637E+00
555.40,9.8004937E+00
555.50,9.8741577E+00
555.60,9.7861043E+00
555.70,9.8094257E+00
555.80,9.5591187E+00
555.90,9.7708887E+00
556.00,9.4328523E+00
556.10,9.2803040E+00
556.20,9.6169947E+00
556.30,9.4262583E+00
556.40,9.2935583E+00
556.50,9.3473733E+00
556.60,9.1724890E+00
556.70,8.9939007E+00
556.80,8.9416240E+00
556.90,8.9035570E+00
557.00,9.0024260E+00
557.10,8.7368097E+00
557.20,9.0702740E+00
557.30,8.3338697E+00
557.40,8.5993850E+00
557.50,8.5703763E+00
557.60,8.1708337E+00
557.70,8.3537500E+00
557.80,8.3132300E+00
557.90,8.4184617E+00
558.00,8.3268683E+00
558.10,8.5603790E+00
558.20,8.0981617E+00
558.30,8.1125180E+00
558.40,7.8946093E+00
558.50,8.2977713E+00
558.60,7.8462927E+00
558.70,7.7851433E+00
558.80,8.0178493E+00
558.90,7.7784130E+00
559.00,7.7334140E+00
559.10,7.6306877E+00
559.20,7.7363683E+00
559.30,7.3211803E+00
559.40,7.6759430E+00
559.50,7.5547507E+00
559.60,7.8487320E+00
559.70,7.5816770E+00
559.80,7.7250727E+00
559.90,7.4421727E+00
560.00,7.5080553E+00
560.10,7.5204940E+00
560.20,7.0860740E+00
560.30,7.1217680E+00
560.40,7.5117883E+00
560.50,7.4638953E+00
560.60,7.2001860E+00
560.70,7.0778703E+00
560.80,7.3455337E+00
560.90,6.8499590E+00
561.00,6.7221757E+00
561.10,7.2058313E+00
561.20,7.1244850E+00
561.30,6.9035773E+00
561.40,6.7615373E+00
561.50,7.1888380E+00
561.60,6.6962820E+00
561.70,6.7252023E+00
561.80,6.9088130E+00
561.90,6.4574433E+00
562.00,6.5474793E+00
562.10,6.4137787E+00
562.20,6.6747997E+00
562.30,6.3724183E+00
562.40,6.0987763E+00
562.50,6.5782997E+00
562.60,6.4205577E+00
562.70,6.4960850E+00
562.80,6.4372417E+00
562.90,6.0854730E+00
563.00,6.1134633E+00
563.10,6.4659003E+00
563.20,5.9623390E+00
563.30,6.0621523E+00
563.40,6.3623997E+00
563.50,6.1146363E+00
563.60,5.8935190E+00
563.70,6.3792353E+00
563.80,6.1258803E+00
563.90,6.1392727E+00
564.00,5.8880020E+00
564.10,6.2667830E+00
564.20,5.6640343E+00
564.30,5.5337870E+00
564.40,6.0464847E+00
564.50,5.8623597E+00
564.60,5.8154833E+00
564.70,5.9253260E+00
564.80,5.8773707E+00
564.90,5.6720137E+00
565.00,5.2451853E+00
565.10,5.7271290E+00
565.20,5.5506970E+00
565.30,5.1825737E+00
565.40,5.4861960E+00
565.50,5.3769553E+00
565.60,5.5208373E+00
565.70,5.4299373E+00
565.80,5.1654820E+00
565.90,5.1560590E+00
566.00,5.4720773E+00
566.10,5.3108377E+00
566.20,5.2662930E+00
566.30,5.4108727E+00
566.40,5.1936503E+00
566.50,5.2268640E+00
566.60,5.3066067E+00
566.70,5.3876333E+00
566.80,5.2586267E+00
566.90,4.9712360E+00
567.00,5.1689247E+00
567.10,5.1016937E+00
567.20,5.0314433E+00
567.30,4.9905547E+00
567.40,5.1510317E+00
567.50,4.8190377E+00
567.60,4.9469937E+00
567.70,4.8215007E+00
567.80,4.6374460E+00
567.90,4.7379413E+00
568.00,4.8383370E+00
568.10,4.8767173E+00
568.20,4.6880937E+00
568.30,4.5716587E+00
568.40,4.6638300E+00
568.50,4.3293010E+00
568.60,4.6705103E+00
568.70,4.5618937E+00
568.80,4.5441190E+00
568.90,4.2653887E+00
569.00,4.5331580E+00
569.10,4.2847740E+00
569.20,4.2715517E+00
569.30,4.1680867E+00
569.40,4.3850933E+00
569.50,4.1704957E+00
569.60,3.9413763E+00
569.70,3.9963930E+00
569.80,3.9254593E+00
569.90,4.0070340E+00
570.00,3.7518247E+00
570.10,4.0908890E+00
570.20,3.8257690E+00
570.30,4.0667473E+00
570.40,3.8602557E+00
570.50,4.0701860E+00
570.60,3.8988580E+00
570.70,4.1113357E+00
570.80,3.9187983E+00
570.90,3.8379390E+00
571.00,3.8260260E+00
571.10,3.8254177E+00
571.20,3.6476673E+00
571.30,3.3876473E+00
571.40,3.6671633E+00
571.50,3.7911987E+00
571.60,3.7899310E+00
571.70,3.8883860E+00
571.80,3.3944717E+00
571.90,3.4113420E+00
572.00,3.6425847E+00
572.10,3.5396930E+00
572.20,3.4890043E+00
572.30,3.3820817E+00
572.40,3.2913640E+00
572.50,3.3228397E+00
572.60,3.3778910E+00
572.70,3.4880677E+00
572.80,3.2307010E+00
572.90,3.2868783E+00
573.00,3.6618850E+00
573.10,3.3278110E+00
573.20,3.3510193E+00
573.30,3.5825593E+00
573.40,3.3543127E+00
573.50,3.1252447E+00
573.60,3.4107990E+00
573.70,3.3308677E+00
573.80,3.1583870E+00
573.90,3.3448877E+00
574.00,3.2526677E+00
574.10,3.1333553E+00
574.20,3.0037537E+00
574.30,3.2841373E+00
574.40,3.2236363E+00
574.50,3.1872317E+00
574.60,3.2097403E+00
574.70,2.9799770E+00
574.80,2.7071213E+00
574.90,3.0564953E+00
575.00,3.4769423E+00
575.10,2.8181970E+00
575.20,2.5380670E+00
575.30,2.6900997E+00
575.40,2.7673587E+00
575.50,3.0090210E+00
575.60,2.8769327E+00
575.70,3.0219960E+00
575.80,2.7923080E+00
575.90,2.7897720E+00
576.00,2.7731980E+00
576.10,2.5248263E+00
576.20,2.9151743E+00
576.30,2.6313257E+00
576.40,2.6250143E+00
576.50,2.6049947E+00
576.60,2.6873947E+00
576.70,2.8022787E+00
576.80,2.6537250E+00
576.90,2.8438163E+00
577.00,2.9546583E+00
577.10,2.5450597E+00
577.20,2.7861077E+00
577.30,2.9405987E+00
577.40,2.4253447E+00
577.50,2.7857823E+00
577.60,2.8490833E+00
577.70,2.6168760E+00
577.80,2.7977830E+00
577.90,2.7375580E+00
578.00,2.5530270E+00
578.10,2.5193873E+00
578.20,2.6312960E+00
578.30,2.5525943E+00
578.40,1.9876607E+00
578.50,2.0931023E+00
578.60,2.1063528E+00
578.70,1.8628713E+00
578.80,2.1022451E+00
578.90,1.8397943E+00
579.00,2.0839198E+00
579.10,2.0622102E+00
579.20,2.0568292E+00
579.30,2.1668155E+00
579.40,2.1652680E+00
579.50,2.0952596E+00
579.60,2.3578460E+00
579.70,1.9374763E+00
579.80,1.7134574E+00
579.90,1.8941767E+00
580.00,1.7735823E+00
580.10,1.7342567E+00
580.20,2.0419404E+00
580.30,1.8883237E+00
580.40,1.8363173E+00
580.50,1.6479628E+00
580.60,2.0158596E+00
580.70,1.7167631E+00
580.80,1.5288584E+00
580.90,1.9886469E+00
581.00,1.8713381E+00
581.10,1.7588314E+00
581.20,1.8464276E+00
581.30,1.5660203E+00
581.40,1.7449396E+00
581.50,1.9231871E+00
581.60,1.8701948E+00
581.70,1.7386569E+00
581.80,1.4482035E+00
581.90,1.7051519E+00
582.00,1.7953354E+00
582.10,1.8212266E+00
582.20,1.3980014E+00
582.30,1.6684994E+00
582.40,1.6607677E+00
582.50,1.7542938E+00
582.60,1.4724859E+00
582.70,1.3276078E+00
582.80,1.6093221E+00
582.90,1.6748628E+00
583.00,1.6508993E+00
583.10,1.3830540E+00
583.20,1.3247724E+00
583.30,1.3237706E+00
583.40,1.7753507E+00
583.50,1.7194224E+00
583.60,1.7802317E+00
583.70,1.7239123E+00
583.80,1.6801519E+00
583.90,1.6881907E+00
584.00,1.6507790E+00
584.10,1.6007043E+00
584.20,1.5606403E+00
584.30,1.7752310E+00
584.40,1.6905980E+00
584.50,1.3582015E+00
584.60,1.4279424E+00
584.70,1.5726268E+00
584.80,1.4419312E+00
584.90,1.4760237E+00
585.00,1.3081528E+00
585.10,1.3293775E+00
585.20,1.5117604E+00
585.30,1.3443553E+00
585.40,1.2920764E+00
585.50,1.0855414E+00
585.60,1.2679608E+00
585.70,1.2041624E+00
585.80,1.3104192E+00
585.90,1.4495257E+00
586.00,9.3295505E-01
586.10,1.5719183E+00
586.20,1.0801218E+00
586.30,1.3276520E+00
586.40,1.4654817E+00
586.50,8.8097422E-01
586.60,1.2840614E+00
586.70,1.0612883E+00
586.80,1.1279403E+00
586.90,9.4734992E-01
587.00,8.9489170E-01
587.10,9.2880050E-01
587.20,1.1630026E+00
587.30,1.1260271E+00
587.40,1.3780322E+00
587.50,1.1461988E+00
587.60,1.2453232E+00
587.70,1.1364261E+00
587.80,1.1812335E+00
587.90,1.0219340E+00
588.00,9.7744110E-01
588.10,9.8123150E-01
588.20,9.0964740E-01
588.30,8.9853113E-01
588.40,8.8815780E-01
588.50,8.0829058E-01
588.60,1.0239590E+00
588.70,9.5071285E-01
588.80,5.0805047E-01
588.90,5.6951540E-01
589.00,1.0302349E+00
589.10,6.4431043E-01
589.20,7.8512460E-01
589.30,4.9417987E-01
589.40,8.1078853E-01
589.50,8.5629030E-01
589.60,8.7950423E-01
589.70,7.4073177E-01
589.80,7.8375060E-01
589.90,7.7228938E-01
590.00,8.9085913E-01
590.10,9.8145590E-01
590.20,9.9428777E-01
590.30,8.1043028E-01
590.40,7.3842253E-01
590.50,8.2324004E-01
590.60,5.9179863E-01
590.70,6.9995833E-01
590.80,7.6841860E-01
590.90,7.1811490E-01
591.00,9.1171458E-01
591.10,7.1804036E-01
591.20,7.5335858E-01
591.30,9.5470963E-01
591.40,1.1467581E+00
591.50,9.9900490E-01
591.60,6.9563071E-01
591.70,8.5913317E-01
591.80,6.3759641E-01
591.90,1.2760409E+00
592.00,6.0123563E-01
592.10,9.3404646E-01
592.20,1.0128739E+00
592.30,6.4116981E-01
592.40,9.5383237E-01
592.50,6.4310787E-01
592.60,6.5332383E-01
592.70,7.7221360E-01
592.80,7.3626083E-01
592.90,6.0919340E-01
593.00,3.7235031E-01
593.10,4.7694093E-01
593.20,6.1222080E-01
593.30,3.5234429E-01
593.40,5.8037640E-01
593.50,3.3957663E-01
593.60,5.1203200E-01
593.70,5.0776431E-01
593.80,6.9621832E-01
593.90,6.1121689E-01
594.00,4.6279506E-01
594.10,6.1756468E-01
594.20,3.3579547E-01
594.30,2.8091053E-01
594.40,1.4620153E-01
594.50,2.0918907E-01
594.60,2.5369553E-01
594.70,2.2230728E-01
594.80,-2.5241700E-02
594.90,4.2275500E-02
595.00,3.3454900E-01
595.10,2.9600383E-01
595.20,3.9087730E-01
595.30,6.5697943E-01
595.40,5.4418544E-01
595.50,2.9677977E-01
595.60,7.4829993E-01
595.70,4.8570818E-01
595.80,6.0227601E-01
595.90,3.7880930E-01
596.00,7.3789907E-01
596.10,7.6095120E-01
596.20,6.8201487E-01
596.30,5.6370517E-01
596.40,7.3837843E-01
596.50,8.4773213E-01
596.60,6.5167127E-01
596.70,3.6076036E-01
596.80,5.6076410E-01
596.90,5.7342547E-01
597.00,6.5266022E-01
597.10,4.0680783E-01
597.20,6.1637611E-01
597.30,7.9264510E-01
597.40,5.6783707E-01
597.50,5.7825923E-01
597.60,4.0940950E-01
597.70,5.2540365E-01
597.80,4.6194457E-01
597.90,6.2184714E-01
598.00,4.7025927E-01
598.10,5.0287970E-01
598.20,4.2355590E-01
598.30,6.7330263E-01
598.40,7.6717870E-01
598.50,4.4923337E-01
598.60,7.2551413E-01
598.70,5.2887392E-01
598.80,4.7146445E-01
598.90,6.7969673E-01
599.00,5.7482738E-01
599.10,3.7667043E-01
599.20,5.7077787E-01
599.30,5.4026063E-01
599.40,6.6375331E-01
599.50,6.3763283E-01
599.60,5.8985147E-01
599.70,6.4551758E-01
599.80,6.2950532E-01
599.90,7.6974497E-01
600.00,6.2004173E-01
