Wavelength [nm],Intensity,
175.764,226.91675,
176.337,252.53297,
176.910,231.22358,
177.483,264.86772,
178.056,242.14209,
178.629,236.30218,
179.202,245.19448,
179.776,248.82176,
180.349,257.56105,
180.922,247.73592,
181.495,240.19352,
182.068,255.68236,
182.641,250.4449,
183.214,229.51391,
183.787,234.29955,
184.360,236.54979,
184.933,253.05441,
185.506,274.59683,
186.079,258.32738,
186.652,233.54724,
187.226,245.63414,
187.799,261.47548,
188.372,259.37134,
188.945,243.26807,
189.518,226.93123,
190.091,241.7733,
190.664,254.03206,
191.237,246.96817,
191.810,241.1131,
192.383,254.55398,
192.956,252.22158,
193.529,254.69556,
194.102,270.12291,
194.675,259.28496,
195.249,236.46995,
195.822,232.22751,
196.395,236.55391,
196.968,250.12108,
197.541,232.71022,
198.114,243.68536,
198.687,223.11172,
199.260,256.65787,
199.833,226.46816,
200.406,249.50014,
200.979,242.80831,
201.552,243.79208,
202.125,260.75879,
202.699,272.16679,
203.272,244.90378,
203.845,227.46056,
204.418,243.86494,
204.991,243.8452,
205.564,242.33355,
206.137,256.17892,
206.710,263.10802,
207.283,246.26334,
207.856,219.90571,
208.429,213.47129,
209.002,228.41749,
209.575,235.35071,
210.149,237.79951,
210.722,249.34167,
211.295,215.68364,
211.868,219.92764,
212.441,252.94414,
213.014,208.25217,
213.587,236.18702,
214.160,216.99265,
214.733,217.88961,
215.306,221.03299,
215.879,202.61669,
216.452,222.31676,
217.025,226.32227,
217.599,225.87168,
218.172,209.62296,
218.745,208.9329,
219.318,213.16429,
219.891,199.93349,
220.464,200.04727,
221.037,205.77503,
221.610,193.65968,
222.183,193.98936,
222.756,192.60256,
223.329,208.39894,
223.902,208.72575,
224.475,214.9148,
225.049,204.60206,
225.622,234.72549,
226.195,212.55461,
226.768,201.53854,
227.341,190.8296,
227.914,215.44846,
228.487,202.20708,
229.060,201.3586,
229.633,210.49497,
230.206,210.86071,
230.779,210.09798,
231.352,198.3482,
231.925,187.39718,
232.498,199.70047,
233.072,190.94288,
233.645,178.29297,
234.218,197.39202,
234.791,183.98914,
235.364,184.38583,
235.937,211.13741,
236.510,216.04227,
237.083,195.49022,
237.656,207.54868,
238.229,186.74067,
238.802,186.4782,
239.375,186.5804,
239.948,196.05682,
240.522,211.12808,
241.095,201.84757,
241.668,176.44092,
242.241,207.13492,
242.814,206.65271,
243.387,220.5441,
243.960,217.66299,
244.533,220.74128,
245.106,212.58034,
245.679,205.95168,
246.252,216.36708,
246.825,210.19026,
247.398,204.81116,
247.972,218.55873,
248.545,213.24679,
249.118,218.35591,
249.691,222.12322,
250.264,215.22454,
250.837,212.20238,
251.410,206.22206,
251.983,186.53942,
252.556,202.09343,
253.129,187.83927,
253.702,211.17114,
254.275,199.73326,
254.848,205.14289,
255.422,207.15695,
255.995,196.31687,
256.568,214.29554,
257.141,225.22842,
257.714,220.81305,
258.287,196.25894,
258.860,207.11475,
259.433,221.99585,
260.006,207.91661,
260.579,208.49174,
261.152,217.47361,
261.725,218.76302,
262.298,224.92698,
262.871,210.23913,
263.445,202.8288,
264.018,221.64315,
264.591,192.99074,
265.164,185.91161,
265.737,194.63047,
266.310,196.32532,
266.883,211.22216,
267.456,212.98421,
268.029,200.59739,
268.602,207.52287,
269.175,215.86799,
269.748,205.98612,
270.321,202.83145,
270.895,208.20441,
271.468,205.20348,
272.041,218.12004,
272.614,213.76851,
273.187,208.40189,
273.760,214.73653,
274.333,215.95342,
274.906,213.09877,
275.479,209.12417,
276.052,210.03542,
276.625,206.52447,
277.198,217.71411,
277.771,213.67852,
278.345,205.80908,
278.918,191.71359,
279.491,206.78151,
280.064,189.7872,
280.637,185.31052,
281.210,219.26934,
281.783,219.8689,
282.356,200.518,
282.929,205.1153,
283.502,224.68369,
284.075,227.53791,
284.648,214.64514,
285.221,208.0752,
285.795,212.22493,
286.368,205.52794,
286.941,209.17677,
287.514,212.00506,
288.087,214.76985,
288.660,225.02583,
289.233,225.13725,
289.806,222.59891,
290.379,225.18964,
290.952,223.17061,
291.525,218.0343,
292.098,207.20559,
292.671,228.45867,
293.245,220.37078,
293.818,221.42853,
294.391,185.30649,
294.964,224.55855,
295.537,211.89582,
296.110,207.60283,
296.683,211.01106,
297.256,223.8528,
297.829,221.74558,
298.402,225.93777,
298.975,203.8867,
299.548,207.01586,
300.121,227.34404,
300.694,247.2509,
301.268,228.96451,
301.841,207.34139,
302.414,214.45512,
302.987,223.75305,
303.560,223.52489,
304.133,224.50355,
304.706,225.68619,
305.279,228.95543,
305.852,229.88896,
306.425,225.53211,
306.998,242.49029,
307.571,245.36949,
308.144,242.78894,
308.718,247.13263,
309.291,254.7858,
309.864,229.26835,
310.437,288.51689,
311.010,256.98857,
311.583,260.42954,
312.156,256.57396,
312.729,275.27111,
313.302,264.39096,
313.875,267.33657,
314.448,262.02588,
315.021,287.31251,
315.594,275.71641,
316.168,294.10123,
316.741,296.44799,
317.314,281.5685,
317.887,283.93768,
318.460,298.35509,
319.033,306.35762,
319.606,316.34833,
320.179,333.75299,
320.752,345.92511,
321.325,361.74561,
321.898,340.0687,
322.471,361.99956,
323.044,419.59286,
323.618,428.01982,
324.191,429.91514,
324.764,453.82615,
325.337,447.86512,
325.910,489.57534,
326.483,527.9806,
327.056,585.44091,
327.629,657.16377,
328.202,784.9752,
328.775,937.97202,
329.348,1167.319,
329.921,1483.4952,
330.494,1899.341,
331.067,2424.9585,
331.641,3068.2558,
332.214,3912.9658,
332.787,5049.4983,
333.360,6453.8675,
333.933,8042.983,
334.506,9790.2041,
335.079,11753.226,
335.652,14181.679,
336.225,17220.25,
336.798,20659.755,
337.371,24100.29,
337.944,26994.094,
338.517,29598.956,
339.091,32440.464,
339.664,35700.437,
340.237,39223.518,
340.810,41542.584,
341.383,42325.412,
341.956,41301.558,
342.529,39173.126,
343.102,36542.677,
343.675,33921.729,
344.248,30631.693,
344.821,26858.182,
345.394,22761.107,
345.967,18898.17,
346.541,15574.425,
347.114,12975.915,
347.687,11050.316,
348.260,9612.9146,
348.833,8440.7977,
349.406,7341.2032,
349.979,6316.6151,
350.552,5392.2973,
351.125,4625.0765,
351.698,4020.9578,
352.271,3481.4112,
352.844,3009.1842,
353.417,2618.7118,
353.991,2245.9067,
354.564,1914.096,
355.137,1648.5494,
355.710,1437.3982,
356.283,1306.8677,
356.856,1174.8855,
357.429,1065.0963,
358.002,994.43143,
358.575,924.91291,
359.148,882.56342,
359.721,826.98907,
360.294,781.13185,
360.867,783.89829,
361.441,749.64042,
362.014,684.19556,
362.587,655.10374,
363.160,633.6687,
363.733,620.64117,
364.306,601.06089,
364.879,607.29807,
365.452,604.46375,
366.025,586.11888,
366.598,549.57025,
367.171,529.74532,
367.744,518.96494,
368.317,494.49191,
368.890,486.21245,
369.464,486.32946,
370.037,466.51991,
370.610,459.29484,
371.183,456.4486,
371.756,431.59954,
372.329,430.40231,
372.902,395.0955,
373.475,409.80268,
374.048,407.65157,
374.621,395.13252,
375.194,378.20091,
375.767,368.05397,
376.340,368.70212,
376.914,354.44642,
377.487,347.31365,
378.060,354.99421,
378.633,322.73283,
379.206,329.29857,
379.779,326.83736,
380.352,325.89127,
380.925,313.09934,
381.498,311.82616,
382.071,296.07051,
382.644,302.99935,
383.217,303.83596,
383.790,304.57022,
384.364,293.84885,
384.937,276.41823,
385.510,270.07377,
386.083,263.28049,
386.656,261.03289,
387.229,271.37409,
387.802,278.59709,
388.375,275.43942,
388.948,263.32674,
389.521,254.26793,
390.094,256.60048,
390.667,259.64706,
391.240,264.95592,
391.814,267.83757,
392.387,273.74253,
392.960,259.29819,
393.533,257.02067,
394.106,235.36529,
394.679,226.95409,
395.252,280.75029,
395.825,244.37108,
396.398,232.56482,
396.971,248.83347,
397.544,240.00146,
398.117,221.55302,
398.690,252.51336,
399.263,244.09863,
399.837,241.22138,
400.410,258.5065,
400.983,229.40683,
401.556,223.9873,
402.129,212.89959,
402.702,211.98762,
403.275,223.79411,
403.848,216.47951,
404.421,203.87678,
404.994,206.07558,
405.567,222.29445,
406.140,232.68581,
406.713,226.30359,
407.287,221.72144,
407.860,231.1617,
408.433,235.38974,
409.006,218.76649,
409.579,215.7497,
410.152,228.83407,
410.725,232.66369,
411.298,228.8663,
411.871,222.43871,
412.444,227.38378,
413.017,213.62341,
413.590,204.01959,
414.163,230.16505,
414.737,229.08823,
415.310,220.09837,
415.883,220.73708,
416.456,218.93163,
417.029,224.74203,
417.602,214.79496,
418.175,238.08177,
418.748,229.58727,
419.321,206.15508,
419.894,220.85034,
420.467,212.66395,
421.040,219.97111,
421.613,216.75276,
422.187,221.70534,
422.760,228.13273,
423.333,216.87002,
423.906,211.15247,
424.479,223.24961,
425.052,217.82896,
425.625,213.32381,
426.198,227.59804,
426.771,222.3124,
427.344,210.56974,
427.917,215.56636,
428.490,211.42273,
429.063,216.08022,
429.637,230.96598,
430.210,222.90655,
430.783,234.66324,
431.356,245.09172,
431.929,238.54657,
432.502,235.09521,
433.075,216.82324,
433.648,220.0948,
434.221,232.74551,
434.794,239.39968,
435.367,228.9273,
435.940,239.48528,
436.513,212.22213,
437.086,204.07393,
437.660,225.73646,
438.233,243.4276,
438.806,234.37885,
439.379,218.72804,
439.952,218.24496,
440.525,240.79471,
441.098,223.72955,
441.671,209.54021,
442.244,215.733,
442.817,217.42202,
443.390,215.8938,
443.963,209.99663,
444.536,216.20266,
445.110,237.63054,
445.683,250.25478,
446.256,229.01311,
446.829,218.2212,
447.402,220.19851,
447.975,219.42389,
448.548,226.42524,
449.121,223.79219,
449.694,225.91377,
450.267,231.09009,
450.840,215.99587,
451.413,221.46651,
451.986,221.98023,
452.560,210.90501,
453.133,224.65622,
453.706,230.90752,
454.279,234.98388,
454.852,233.31514,
455.425,230.32096,
455.998,233.97716,
456.571,243.43323,
457.144,240.21134,
457.717,221.55774,
458.290,252.61002,
458.863,238.9681,
459.436,246.62071,
460.010,220.57169,
460.583,227.70267,
461.156,237.61904,
461.729,232.67486,
462.302,229.38385,
462.875,238.60884,
463.448,243.65948,
464.021,237.38949,
464.594,227.97769,
465.167,233.03703,
465.740,217.82482,
466.313,222.52861,
466.886,235.70146,
467.459,226.15147,
468.033,228.02372,
468.606,232.13856,
469.179,230.59602,
469.752,217.80427,
470.325,230.32789,
470.898,238.33794,
471.471,235.97864,
472.044,237.55328,
472.617,248.26444,
473.190,260.24196,
473.763,257.15668,
474.336,235.29297,
474.909,214.67126,
475.483,232.94698,
476.056,248.52917,
476.629,237.88761,
477.202,243.39331,
477.775,243.51743,
478.348,230.2701,
478.921,226.42694,
479.494,230.75202,
480.067,233.63014,
480.640,234.68424,
481.213,218.01223,
481.786,241.87152,
482.359,255.83823,
482.933,233.69219,
483.506,227.81613,
484.079,245.15166,
484.652,250.09821,
485.225,253.43992,
485.798,232.2427,
486.371,245.19693,
486.944,229.37358,
487.517,219.62061,
488.090,225.36485,
488.663,227.68759,
489.236,266.34442,
489.809,231.63173,
490.383,232.72228,
490.956,231.27791,
491.529,239.09199,
492.102,236.69702,
492.675,247.39828,
493.248,240.63927,
493.821,236.99523,
494.394,243.46028,
494.967,245.69496,
495.540,248.84355,
496.113,245.61153,
496.686,237.11271,
497.259,239.72869,
497.833,250.36241,
498.406,238.72965,
498.979,232.16489,
499.552,232.67123,
500.125,232.16637,
500.698,238.20799,
501.271,232.80837,
501.844,233.08993,
502.417,236.52029,
502.990,227.78243,
503.563,235.33498,
504.136,245.58447,
504.709,241.75355,
505.282,238.80429,
505.856,233.96835,
506.429,232.36269,
507.002,227.85244,
507.575,233.59205,
508.148,234.70215,
508.721,223.23219,
509.294,235.8483,
509.867,232.38339,
510.440,224.08324,
511.013,247.3767,
511.586,234.79162,
512.159,226.66563,
512.732,247.26714,
513.306,238.96671,
513.879,234.67902,
514.452,225.53419,
515.025,229.67114,
515.598,214.48082,
516.171,232.7601,
516.744,217.93655,
517.317,225.81006,
517.890,222.79259,
518.463,201.80768,
519.036,239.85042,
519.609,227.47886,
520.182,226.76429,
520.756,234.21763,
521.329,240.97001,
521.902,239.21405,
522.475,238.45888,
523.048,235.60314,
523.621,227.49963,
524.194,228.87137,
524.767,218.01571,
525.340,226.98329,
525.913,225.84958,
526.486,245.45692,
527.059,233.15167,
527.632,225.66272,
528.206,239.21202,
528.779,225.80774,
529.352,234.49552,
529.925,254.03406,
530.498,261.64545,
531.071,250.99054,
531.644,229.01581,
532.217,230.11721,
532.790,238.76405,
533.363,250.12415,
533.936,250.16152,
534.509,238.26611,
535.082,245.2263,
535.655,238.30301,
536.229,239.10114,
536.802,257.01528,
537.375,259.87666,
537.948,243.99692,
538.521,234.19424,
539.094,243.6667,
539.667,250.70124,
540.240,248.69775,
540.813,244.65716,
541.386,260.58691,
541.959,234.51177,
542.532,245.03278,
543.105,252.45051,
543.679,257.55461,
544.252,246.93085,
544.825,256.34393,
545.398,269.07089,
545.971,240.21863,
546.544,221.5126,
547.117,236.70134,
547.690,270.65717,
548.263,262.31853,
548.836,260.40117,
549.409,239.25297,
549.982,233.20286,
550.555,244.44706,
551.129,234.06453,
551.702,244.19777,
552.275,224.56161,
552.848,225.1325,
553.421,244.75037,
553.994,242.54277,
554.567,238.22719,
555.140,239.60032,
555.713,241.97524,
556.286,233.19448,
556.859,224.22814,
557.432,256.48579,
558.005,240.80645,
558.579,238.53392,
559.152,236.49402,
559.725,222.4906,
560.298,222.33927,
560.871,222.57769,
561.444,225.95089,
562.017,235.00177,
562.590,233.94391,
563.163,215.62219,
563.736,234.11196,
564.309,235.84227,
564.882,222.34043,
565.455,232.68068,
566.029,233.43453,
566.602,226.80779,
567.175,219.98018,
567.748,220.62697,
568.321,215.02104,
568.894,221.61834,
569.467,223.80218,
570.040,234.8929,
570.613,239.20664,
571.186,232.90192,
571.759,227.28623,
572.332,229.24055,
572.905,241.6069,
573.478,228.72665,
574.052,227.5307,
574.625,233.06618,
575.198,225.74375,
575.771,233.06786,
576.344,230.86012,
576.917,241.67245,
577.490,256.86192,
578.063,253.2279,
578.636,237.43524,
579.209,230.9062,
579.782,247.69703,
580.355,223.35565,
580.928,232.14806,
581.502,225.48274,
582.075,221.36954,
582.648,236.13681,
583.221,223.56475,
583.794,223.34305,
584.367,221.73476,
584.940,235.21215,
585.513,252.72977,
586.086,221.63302,
586.659,183.9325,
587.232,235.86182,
587.805,233.81768,
588.378,233.39847,
588.952,240.90458,
589.525,208.13057,
590.098,227.77839,
590.671,238.6521,
591.244,231.57333,
591.817,203.01376,
592.390,256.72386,
592.963,237.21325,
593.536,218.00802,
594.109,241.57421,
594.682,223.29574,
595.255,263.00787,
595.828,188.59368,
596.402,228.52107,
596.975,218.78099,
597.548,224.03029,
598.121,222.74457,
598.694,220.26705,
599.267,212.31038,
599.840,218.6788,
600.413,227.93571,
600.986,232.03113,
601.559,215.40004,
602.132,228.73647,
602.705,247.81195,
603.278,211.28287,
603.851,196.76083,
604.425,236.54221,
604.998,212.87805,
605.571,230.21558,
606.144,213.96546,
606.717,210.73739,
607.290,226.05749,
607.863,225.02581,
608.436,210.32118,
609.009,202.40559,
609.582,197.8345,
610.155,210.99803,
610.728,222.17313,
611.301,198.65753,
611.875,215.85355,
612.448,212.24706,
613.021,245.54307,
613.594,231.18381,
614.167,212.02793,
614.740,213.97371,
615.313,224.34379,
615.886,219.87649,
616.459,211.7175,
617.032,223.40643,
617.605,236.57265,
618.178,217.61445,
618.751,218.78482,
619.325,235.41703,
619.898,240.51648,
620.471,222.59654,
621.044,220.07063,
621.617,231.72601,
622.190,221.57694,
622.763,203.74495,
623.336,205.11843,
623.909,183.34603,
624.482,196.05898,
625.055,227.11265,
625.628,228.96841,
626.201,223.29253,
626.775,238.18136,
627.348,228.34782,
627.921,233.48648,
628.494,227.7187,
629.067,222.60986,
629.640,230.29106,
630.213,244.38173,
630.786,240.41933,
631.359,233.89431,
631.932,227.17205,
632.505,222.0741,
633.078,215.55578,
633.651,220.98195,
634.225,235.96277,
634.798,235.16782,
635.371,240.01798,
635.944,242.31689,
636.517,232.66822,
637.090,228.49077,
637.663,231.60851,
638.236,248.53074,
638.809,253.95333,
639.382,243.9899,
639.955,247.95786,
640.528,250.22211,
641.101,242.00768,
641.674,230.78935,
642.248,222.1487,
642.821,223.24494,
643.394,231.93381,
643.967,248.32189,
644.540,235.68019,
645.113,223.64867,
645.686,229.81557,
646.259,222.04412,
646.832,228.97127,
647.405,231.9119,
647.978,222.5501,
648.551,222.61109,
649.124,223.35693,
649.698,223.72811,
650.271,228.56108,
650.844,225.77538,
651.417,214.50627,
651.990,212.21533,
652.563,223.93586,
653.136,224.97628,
653.709,234.76918,
654.282,235.24791,
654.855,216.82947,
655.428,227.1759,
656.001,252.60428,
656.574,242.50354,
657.148,215.31909,
657.721,224.14847,
658.294,219.81455,
658.867,210.45465,
659.440,216.20103,
660.013,226.97089,
660.586,237.72659,
661.159,217.24961,
661.732,208.88382,
662.305,207.22477,
662.878,222.5114,
663.451,225.36337,
664.024,210.51527,
664.598,217.96863,
665.171,230.40295,
665.744,226.45943,
666.317,208.93836,
666.890,204.64023,
667.463,219.79251,
668.036,218.72469,
668.609,218.74584,
669.182,210.33031,
669.755,208.44248,
670.328,220.20165,
670.901,229.69433,
671.474,226.02914,
672.048,228.25351,
672.621,236.40406,
673.194,230.15795,
673.767,219.04915,
674.340,225.90795,
674.913,234.1174,
675.486,219.90953,
676.059,218.11861,
676.632,218.53462,
677.205,215.39448,
677.778,214.53316,
678.351,224.31762,
678.924,226.92866,
679.497,217.50921,
680.071,210.38475,
680.644,218.98329,
681.217,228.28494,
681.790,225.02668,
682.363,215.99447,
682.936,203.86157,
683.509,212.29865,
684.082,205.37487,
684.655,225.11861,
685.228,216.9135,
685.801,209.33943,
686.374,204.91604,
686.947,217.44078,
687.521,220.14657,
688.094,211.8583,
688.667,221.04704,
689.240,201.06393,
689.813,210.6678,
690.386,217.31823,
690.959,215.81576,
691.532,218.81991,
692.105,207.39677,
692.678,216.80001,
693.251,229.10182,
693.824,210.13497,
694.397,215.71262,
694.971,211.37717,
695.544,211.70606,
696.117,204.57802,
696.690,196.96594,
697.263,211.94249,
697.836,219.91367,
698.409,217.20371,
698.982,215.15098,
699.555,227.35052,
700.128,207.09121,
700.701,199.77689,
701.274,206.38514,
701.847,217.59044,
702.421,228.24467,
702.994,222.20467,
703.567,217.78598,
704.140,230.41087,
704.713,239.23822,
705.286,231.63845,
705.859,229.82067,
706.432,223.49245,
707.005,216.83254,
707.578,226.33245,
708.151,231.422,
708.724,219.80189,
709.297,218.71188,
709.870,224.31628,
710.444,221.74935,
711.017,219.50386,
711.590,220.96577,
712.163,219.39589,
712.736,220.88479,
713.309,208.31938,
713.882,196.04226,
714.455,206.5377,
715.028,216.17544,
715.601,207.38008,
716.174,217.89362,
716.747,218.85592,
717.320,217.65496,
717.894,216.43299,
718.467,195.70963,
719.040,206.64299,
719.613,226.61478,
720.186,226.2333,
720.759,236.20664,
721.332,214.23748,
721.905,213.72761,
722.478,224.2764,
723.051,217.92164,
723.624,205.97391,
724.197,204.34848,
724.770,198.00068,
725.344,189.81603,
725.917,194.31841,
726.490,203.80319,
727.063,209.70208,
727.636,198.39592,
728.209,198.49754,
728.782,213.92888,
729.355,222.49875,
729.928,209.33116,
730.501,208.07314,
731.074,198.64492,
731.647,213.87951,
732.220,196.6028,
732.794,200.78329,
733.367,205.86856,
733.940,212.3641,
734.513,221.12864,
735.086,227.83979,
735.659,209.46086,
736.232,216.5509,
736.805,212.96447,
737.378,211.76016,
737.951,202.64854,
738.524,218.28349,
739.097,224.66022,
739.670,212.14318,
740.244,189.16529,
740.817,195.0068,
741.390,200.96911,
741.963,193.00792,
742.536,205.4456,
743.109,230.65411,
743.682,210.56385,
744.255,235.36951,
744.828,221.77346,
745.401,213.97469,
745.974,214.15198,
746.547,221.52257,
747.120,210.3097,
747.693,235.55556,
748.267,208.9757,
748.840,202.15792,
749.413,221.25592,
749.986,236.50363,
750.559,212.26855,
751.132,227.37747,
751.705,228.97909,
752.278,221.91359,
752.851,201.67805,
753.424,191.75857,
753.997,217.86866,
754.570,222.60436,
755.143,217.4649,
755.717,208.78392,
756.290,222.84435,
756.863,190.69554,
757.436,196.21499,
758.009,201.60068,
758.582,219.39298,
759.155,223.99326,
759.728,218.49471,
760.301,203.32693,
760.874,215.63457,
761.447,219.1062,
762.020,219.54194,
762.593,189.05232,
763.167,194.45884,
763.740,207.55567,
764.313,210.18491,
764.886,196.13019,
765.459,206.45688,
766.032,217.83557,
766.605,219.47127,
767.178,218.14811,
767.751,210.6634,
768.324,212.69159,
768.897,214.20303,
769.470,205.75317,
770.043,195.36919,
770.617,197.89231,
771.190,211.97195,
771.763,205.3574,
772.336,197.55516,
772.909,191.36594,
773.482,191.50275,
774.055,204.15145,
774.628,208.33084,
775.201,197.11394,
775.774,199.37577,
776.347,210.41357,
776.920,209.24262,
777.493,212.43252,
778.066,213.75483,
778.640,217.65419,
779.213,219.5435,
779.786,209.59824,
780.359,208.58708,
780.932,210.65191,
781.505,209.64936,
782.078,222.06544,
782.651,210.96795,
783.224,207.07678,
783.797,238.05772,
784.370,228.79602,
784.943,209.56923,
785.516,192.80217,
786.090,207.78173,
786.663,216.33646,
787.236,209.66387,
787.809,229.62778,
788.382,220.0815,
788.955,224.66568,
789.528,207.02244,
790.101,196.91357,
790.674,213.64581,
791.247,193.05811,
791.820,243.05146,
792.393,215.12754,
792.966,217.08454,
793.540,205.61566,
794.113,215.29434,
794.686,215.3783,
795.259,201.27774,
795.832,220.5967,
796.405,218.27565,
796.978,218.47322,
797.551,209.91549,
798.124,215.47826,
798.697,224.54692,
799.270,211.90918,
799.843,196.49719,
800.416,221.46744,
800.990,215.67417,
801.563,219.70165,
802.136,225.65971,
802.709,229.34643,
803.282,230.48581,
803.855,236.02539,
804.428,221.36098,
805.001,226.96106,
805.574,239.0783,
806.147,223.07172,
806.720,212.89201,
807.293,231.38418,
807.866,226.14998,
808.440,230.29753,
809.013,233.37575,
809.586,229.28726,
810.159,222.97829,
810.732,216.20615,
811.305,230.44144,
811.878,235.94263,
812.451,232.07682,
813.024,229.73426,
813.597,231.32877,
814.170,236.56885,
814.743,229.67064,
815.316,229.67941,
815.889,240.55914,
816.463,235.29125,
817.036,228.67065,
817.609,230.97727,
818.182,232.17976,
818.755,213.79272,
819.328,226.9433,
819.901,251.30163,
820.474,237.66234,
821.047,230.05688,
821.620,244.49075,
822.193,228.8479,
822.766,242.04903,
823.339,244.14331,
823.913,236.36409,
824.486,227.22911,
825.059,235.45417,
825.632,256.70145,
826.205,208.95437,
826.778,243.78184,
827.351,237.45593,
827.924,235.70605,
828.497,240.30587,
829.070,211.30734,
829.643,237.37876,
830.216,229.8261,
830.789,229.72229,
831.363,223.36281,
831.936,204.95144,
832.509,245.45492,
833.082,233.57835,
833.655,223.04972,
834.228,219.55314,
834.801,223.79096,
835.374,219.91843,
835.947,209.20094,
836.520,215.91516,
837.093,222.02265,
837.666,237.09951,
838.239,237.24501,
838.813,229.96875,
839.386,214.05382,
839.959,217.70583,
840.532,226.36586,
841.105,207.72748,
841.678,196.6957,
842.251,211.99455,
842.824,212.66665,
843.397,204.41965,
843.970,221.52555,
844.543,229.9081,
845.116,225.51663,
845.689,205.15914,
846.262,193.60858,
846.836,212.09789,
847.409,218.77017,
847.982,199.84771,
848.555,196.62708,
849.128,226.51964,
849.701,231.09454,
850.274,207.40178,
850.847,213.09624,
851.420,240.87372,
851.993,229.81285,
852.566,235.97826,
853.139,212.04014,
853.712,225.61128,
854.286,230.37086,
854.859,199.6359,
855.432,229.93457,
856.005,231.56471,
856.578,233.53045,
857.151,214.25837,
857.724,222.15479,
858.297,219.41375,
858.870,235.62695,
859.443,219.08698,
860.016,225.03983,
860.589,218.70976,
861.162,225.81199,
861.736,222.58563,
862.309,231.58113,
862.882,229.95578,
863.455,231.65563,
864.028,230.09574,
864.601,220.36356,
865.174,223.91697,
865.747,231.29803,
866.320,236.50869,
866.893,237.76424,
867.466,229.74195,
868.039,215.58624,
868.612,214.02862,
869.186,232.023,
869.759,217.22843,
870.332,223.07134,
870.905,223.77699,
871.478,214.92302,
872.051,241.89902,
872.624,223.76978,
873.197,212.94309,
873.770,229.96552,
874.343,208.92001,
874.916,227.04785,
875.489,211.04844,
876.062,213.01525,
876.636,240.37408,
877.209,218.33298,
877.782,231.00344,
878.355,229.67136,
878.928,233.59847,
879.501,218.51018,
880.074,229.14187,
880.647,229.43089,
881.220,225.9251,
881.793,215.65736,
882.366,223.70171,
882.939,214.38124,
883.512,234.20239,
884.085,235.65389,
884.659,220.93226,
885.232,225.61134,
885.805,226.74052,
886.378,210.95923,
886.951,223.34999,
887.524,221.42015,
888.097,211.42506,
888.670,219.67055,
889.243,222.95621,
889.816,209.03868,
890.389,227.90431,
890.962,225.9308,
891.535,230.97971,
892.109,208.72751,
892.682,219.46814,
893.255,224.38841,
893.828,219.23656,
894.401,210.03562,
894.974,235.616,
895.547,217.21032,
896.120,218.2193,
896.693,223.02482,
897.266,231.5617,
897.839,212.33094,
898.412,229.24362,
898.985,218.44824,
899.559,231.91783,
900.132,224.15059,
900.705,211.67611,
901.278,202.89854,
901.851,219.91349,
902.424,233.71386,
902.997,225.42038,
903.570,215.71898,
904.143,217.28718,
904.716,220.96256,
905.289,223.15512,
905.862,209.17413,
906.435,213.83986,
907.009,209.28074,
907.582,202.81092,
908.155,203.28915,
908.728,206.90215,
909.301,225.01398,
909.874,235.90734,
910.447,224.42996,
911.020,224.07408,
911.593,241.13711,
912.166,210.96449,
912.739,227.29711,
913.312,226.52856,
913.885,219.37086,
914.458,209.08214,
915.032,238.10114,
915.605,216.94978,
916.178,209.25942,
916.751,213.3254,
917.324,220.98618,
917.897,237.62442,
918.470,214.18592,
919.043,221.20533,
919.616,221.64454,
920.189,231.43878,
920.762,242.18585,
921.335,246.45575,
921.908,235.13041,
922.482,223.67064,
923.055,238.42864,
923.628,224.91627,
924.201,231.7309,
924.774,242.5141,
925.347,236.69746,
925.920,195.89023,
926.493,212.9909,
927.066,222.07359,
927.639,233.08889,
928.212,222.97648,
928.785,242.98613,
929.358,231.41199,
929.932,221.30552,
930.505,243.65514,
931.078,217.52133,
931.651,214.32114,
932.224,234.81734,
932.797,219.56355,
933.370,206.23339,
933.943,230.73098,
934.516,230.62798,
935.089,216.59875,
935.662,218.42943,
936.235,217.25213,
936.808,229.70479,
937.382,221.61506,
937.955,223.46624,
938.528,225.55774,
939.101,245.32966,
939.674,238.78755,
940.247,238.86738,
940.820,221.62809,
941.393,227.82969,
941.966,204.17495,
942.539,229.54475,
943.112,216.58431,
943.685,225.8808,
944.258,215.88892,
944.832,255.5984,
945.405,225.14171,
945.978,227.69315,
946.551,226.56341,
947.124,224.73033,
947.697,237.1929,
948.270,220.89982,
948.843,221.92707,
949.416,221.20622,
949.989,218.57936,
950.562,220.40187,
951.135,220.84187,
951.708,209.26546,
952.281,208.81072,
952.855,203.08744,
953.428,216.67715,
954.001,215.73728,
954.574,212.60384,
955.147,222.34722,
955.720,225.06967,
956.293,233.44386,
956.866,218.88842,
957.439,207.46677,
958.012,225.6553,
958.585,245.58668,
959.158,191.92478,
959.731,206.25204,
960.305,249.31575,
960.878,235.7325,
961.451,211.33588,
962.024,209.59235,
962.597,235.89261,
963.170,224.49227,
963.743,221.67897,
964.316,225.85538,
964.889,220.11565,
965.462,230.04471,
966.035,233.15338,
966.608,228.34447,
967.181,224.71487,
967.755,225.63308,
968.328,231.49624,
968.901,238.71421,
969.474,209.06114,
970.047,215.98642,
970.620,221.8775,
971.193,211.40092,
971.766,213.55783,
972.339,212.15754,
972.912,229.954,
973.485,202.61564,
974.058,229.40331,
974.631,211.69505,
975.205,241.7043,
975.778,230.88241,
976.351,227.23,
976.924,220.55762,
977.497,230.35529,
978.070,241.08146,
978.643,227.57963,
979.216,223.75913,
979.789,229.63802,
980.362,231.48757,
980.935,232.27711,
981.508,239.92815,
982.081,234.99696,
982.654,226.70477,
983.228,218.0516,
983.801,232.79732,
984.374,234.373,
984.947,227.7797,
985.520,215.99015,
986.093,233.80331,
986.666,224.91593,
987.239,245.77998,
987.812,224.61136,
988.385,248.50545,
988.958,233.67593,
989.531,246.73689,
990.104,239.39843,
990.678,251.23744,
991.251,259.71795,
991.824,249.0201,
992.397,232.19613,
992.970,216.25736,
993.543,222.83628,
994.116,251.13993,
994.689,253.81576,
995.262,241.58867,
995.835,244.05279,
996.408,256.04234,
996.981,243.52081,
997.554,252.68918,
998.128,258.85358,
998.701,224.38351,
999.274,251.88671,
999.847,261.10114,
1000.420,236.18979,
1000.993,244.26348,
1001.566,251.26516,
1002.139,260.41468,
1002.712,260.91346,
1003.285,270.71756,
1003.858,263.51996,
1004.431,249.9903,
1005.004,247.74244,
1005.578,240.52329,
1006.151,246.17695,
1006.724,236.09213,
1007.297,246.18288,
1007.870,241.21699,
1008.443,236.89186,
1009.016,230.71553,
1009.589,237.08912,
1010.162,251.05127,
1010.735,240.70327,
1011.308,259.16591,
1011.881,218.9303,
1012.454,244.02578,
1013.028,250.11948,
1013.601,228.22842,
1014.174,233.64751,
1014.747,238.69257,
1015.320,254.20662,
1015.893,243.55551,
1016.466,243.98391,
1017.039,248.03333,
1017.612,254.19276,
1018.185,233.83462,
1018.758,232.19644,
1019.331,244.90714,
1019.904,244.36798,
1020.477,236.86582,
1021.051,250.25365,
1021.624,260.22988,
1022.197,235.08733,
1022.770,230.85184,
1023.343,237.80712,
1023.916,238.32196,
1024.489,252.29832,
1025.062,234.2262,
1025.635,225.04065,
1026.208,231.82474,
1026.781,242.1897,
1027.354,245.34182,
1027.927,255.7721,
1028.501,248.05093,
1029.074,235.92881,
1029.647,240.90052,
1030.220,237.64934,
1030.793,253.45791,
1031.366,241.35152,
1031.939,234.60717,
1032.512,269.59283,
1033.085,237.51652,
1033.658,243.61488,
1034.231,239.93005,
1034.804,235.99515,
1035.377,235.71019,
1035.951,231.28727,
1036.524,234.71653,
1037.097,243.06194,
1037.670,227.14263,
1038.243,243.91325,
1038.816,244.03009,
1039.389,235.16181,
1039.962,220.67898,
1040.535,216.76247,
1041.108,247.82892,
1041.681,226.98549,
1042.254,236.88106,
1042.827,222.15408,
1043.401,237.6204,
1043.974,229.25355,
1044.547,218.42668,
1045.120,225.73326,
1045.693,228.88449,
1046.266,231.2079,
1046.839,217.76679,
1047.412,213.84176,
1047.985,223.6464,
1048.558,230.16824,
1049.131,232.34905,
1049.704,237.16425,
1050.277,240.53969,
1050.850,230.53217,
1051.424,236.73009,
1051.997,242.60177,
1052.570,218.35436,
1053.143,220.3787,
1053.716,206.46799,
1054.289,246.30465,
1054.862,222.34597,
1055.435,226.76392,
1056.008,245.93317,
1056.581,243.78521,
1057.154,236.1255,
1057.727,235.14005,
1058.300,229.15308,
1058.874,226.14773,
1059.447,229.80935,
1060.020,240.31075,
1060.593,244.33575,
1061.166,232.10195,
1061.739,235.289,
1062.312,242.81007,
1062.885,239.19388,
1063.458,225.13316,
1064.031,238.11007,
1064.604,270.62037,
1065.177,236.18159,
1065.750,243.08325,
1066.324,236.40979,
1066.897,235.85692,
1067.470,248.85066,
1068.043,240.44396,
1068.616,237.12525,
1069.189,239.83568,
1069.762,236.69866,
1070.335,227.05688,
1070.908,235.35939,
1071.481,230.34995,
1072.054,225.15701,
1072.627,235.76021,
1073.200,244.83152,
1073.774,261.00803,
1074.347,252.39455,
1074.920,249.18433,
1075.493,245.11615,
1076.066,243.29856,
1076.639,257.44824,
1077.212,246.71402,
1077.785,243.72382,
1078.358,250.3263,
1078.931,241.5852,
1079.504,243.53909,
1080.077,247.56714,
1080.650,247.79241,
1081.224,270.78915,
1081.797,236.05935,
1082.370,225.09267,
1082.943,238.91685,
1083.516,257.23296,
1084.089,244.35394,
1084.662,239.55535,
1085.235,238.67217,
1085.808,244.53413,
1086.381,247.65105,
1086.954,257.43734,
1087.527,250.13618,
1088.100,256.47401,
1088.673,249.83293,
1089.247,248.1745,
1089.820,218.66157,
1090.393,251.77276,
1090.966,259.896,
1091.539,236.37087,
1092.112,235.45894,
1092.685,252.28318,
1093.258,231.10955,
1093.831,229.26279,
1094.404,235.88,
1094.977,243.19957,
1095.550,238.04348,
1096.123,231.47888,
1096.697,237.76209,
1097.270,245.40265,
1097.843,242.7275,
1098.416,230.14208,
1098.989,232.53986,
1099.562,244.64494,
1100.135,245.30675,
