Wavelength_nm,value
175.76400000000001,213
176.33699999999999,238.30000000000001
176.91,219.5
177.483,248.09999999999999
178.05600000000001,229.69999999999999
178.62899999999999,222.40000000000001
179.202,230.69999999999999
179.77500000000001,234
180.34800000000001,244.40000000000001
180.92099999999999,234.5
181.494,228.40000000000001
182.06700000000001,246
182.63999999999999,241.80000000000001
183.214,220.69999999999999
183.78700000000001,224.59999999999999
184.36000000000001,230.30000000000001
184.93299999999999,249
185.506,278.39999999999998
186.07900000000001,265.80000000000001
186.65199999999999,244.09999999999999
187.22499999999999,257.19999999999999
187.798,267.89999999999998
188.37100000000001,277
188.94399999999999,256.30000000000001
189.517,242.90000000000001
190.09,262.60000000000002
190.66399999999999,274.19999999999999
191.23699999999999,265.19999999999999
191.81,260.69999999999999
192.38300000000001,271.89999999999998
192.95599999999999,272.19999999999999
193.529,271.89999999999998
194.102,285.69999999999999
194.67500000000001,279.89999999999998
195.24799999999999,259.30000000000001
195.821,255.80000000000001
196.39400000000001,259.5
196.96700000000001,270.39999999999998
197.53999999999999,254
198.114,268.5
198.68700000000001,241
199.25999999999999,277.60000000000002
199.833,250.80000000000001
200.40600000000001,269.69999999999999
200.97900000000001,260.39999999999998
201.55199999999999,271.69999999999999
202.125,278
202.69800000000001,289.69999999999999
203.27099999999999,263.30000000000001
203.84399999999999,252.90000000000001
204.417,264.19999999999999
204.99000000000001,267.30000000000001
205.56399999999999,262.10000000000002
206.137,268.39999999999998
206.71000000000001,280.89999999999998
207.28299999999999,269
207.85599999999999,242.5
208.429,239.69999999999999
209.00200000000001,249.80000000000001
209.57499999999999,252.09999999999999
210.148,259.39999999999998
210.721,269.80000000000001
211.29400000000001,236.80000000000001
211.86699999999999,247.59999999999999
212.44,276.19999999999999
213.01400000000001,231.40000000000001
213.58699999999999,265.39999999999998
214.16,238.5
214.733,243.59999999999999
215.30600000000001,247.19999999999999
215.87899999999999,227.90000000000001
216.452,249.80000000000001
217.02500000000001,253.80000000000001
217.59800000000001,249.80000000000001
218.17099999999999,235.69999999999999
218.744,234.5
219.31700000000001,238.90000000000001
219.88999999999999,228.80000000000001
220.46299999999999,226.5
221.03700000000001,229.69999999999999
221.61000000000001,218.80000000000001
222.18299999999999,218.30000000000001
222.756,219.40000000000001
223.32900000000001,233.80000000000001
223.90199999999999,236
224.47499999999999,242
225.048,233.59999999999999
225.62100000000001,266.89999999999998
226.19399999999999,230.5
226.767,229.30000000000001
227.34,214.59999999999999
227.91300000000001,238
228.48699999999999,229.09999999999999
229.06,233.40000000000001
229.63300000000001,232.90000000000001
230.20599999999999,233.19999999999999
230.779,236.59999999999999
231.352,224.90000000000001
231.92500000000001,210.19999999999999
232.49799999999999,224.59999999999999
233.071,220
233.64400000000001,205.59999999999999
234.21700000000001,227.09999999999999
234.78999999999999,218.59999999999999
235.363,215.5
235.93700000000001,238.90000000000001
236.50999999999999,241.90000000000001
237.083,221.69999999999999
237.65600000000001,234.19999999999999
238.22900000000001,215.5
238.80199999999999,210.59999999999999
239.375,210.30000000000001
239.94800000000001,230.19999999999999
240.52099999999999,241.90000000000001
241.09399999999999,236.59999999999999
241.667,202.69999999999999
242.24000000000001,227.40000000000001
242.81299999999999,228.30000000000001
243.387,243.69999999999999
243.96000000000001,239.40000000000001
244.53299999999999,243.09999999999999
245.10599999999999,238.5
245.679,233.69999999999999
246.25200000000001,241.30000000000001
246.82499999999999,231.69999999999999
247.398,226
247.971,239.5
248.54400000000001,231.69999999999999
249.11699999999999,235.90000000000001
249.69,247
250.26300000000001,233.19999999999999
250.83699999999999,228.90000000000001
251.41,227.09999999999999
251.983,208.09999999999999
252.55600000000001,223.40000000000001
253.12899999999999,205.19999999999999
253.702,233.19999999999999
254.27500000000001,220.80000000000001
254.84800000000001,226
255.42099999999999,231.5
255.994,216.69999999999999
256.56700000000001,232.09999999999999
257.13999999999999,243
257.71300000000002,245.09999999999999
258.28699999999998,222
258.86000000000001,228.59999999999999
259.43299999999999,239.69999999999999
260.00599999999997,226
260.57900000000001,227.80000000000001
261.15199999999999,235.5
261.72500000000002,237
262.298,241.90000000000001
262.87099999999998,228.5
263.44400000000002,224.30000000000001
264.017,245.69999999999999
264.58999999999997,215.59999999999999
265.16300000000001,211.80000000000001
265.73700000000002,224.40000000000001
266.31,224.09999999999999
266.88299999999998,236.09999999999999
267.45600000000002,228.90000000000001
268.029,223.90000000000001
268.60199999999998,226.69999999999999
269.17500000000001,235
269.74799999999999,227
270.32100000000003,225.40000000000001
270.89400000000001,232.90000000000001
271.46699999999998,228.59999999999999
272.04000000000002,236.90000000000001
272.613,236
273.18599999999998,233.80000000000001
273.75999999999999,240.09999999999999
274.33300000000003,241
274.90600000000001,237.80000000000001
275.47899999999998,232.59999999999999
276.05200000000002,228.09999999999999
276.625,228
277.19799999999998,237.40000000000001
277.77100000000002,225.59999999999999
278.34399999999999,219.90000000000001
278.91699999999997,210.69999999999999
279.49000000000001,225.09999999999999
280.06299999999999,211.09999999999999
280.63600000000002,200.40000000000001
281.20999999999998,235
281.78300000000002,241.09999999999999
282.35599999999999,217.59999999999999
282.92899999999997,228.80000000000001
283.50200000000001,238.69999999999999
284.07499999999999,241.59999999999999
284.64800000000002,235
285.221,227.19999999999999
285.79399999999998,227.30000000000001
286.36700000000002,217.90000000000001
286.94,222.19999999999999
287.51299999999998,225.09999999999999
288.08600000000001,225.5
288.66000000000003,232.90000000000001
289.233,231.19999999999999
289.80599999999998,230.5
290.37900000000002,236.30000000000001
290.952,232.69999999999999
291.52499999999998,227.19999999999999
292.09800000000001,222.40000000000001
292.67099999999999,241.40000000000001
293.24400000000003,230.19999999999999
293.81700000000001,231.80000000000001
294.38999999999999,206.5
294.96300000000002,237.5
295.536,220.09999999999999
296.11000000000001,210.69999999999999
296.68299999999999,224.5
297.25599999999997,233
297.82900000000001,221.90000000000001
298.40199999999999,232.19999999999999
298.97500000000002,211.80000000000001
299.548,212.30000000000001
300.12099999999998,232
300.69400000000002,256.89999999999998
301.267,238.5
301.83999999999997,212.80000000000001
302.41300000000001,215.40000000000001
302.98599999999999,224.90000000000001
303.56,221.80000000000001
304.13299999999998,222.90000000000001
304.70600000000002,226.69999999999999
305.279,219.09999999999999
305.85199999999998,222.69999999999999
306.42500000000001,212.69999999999999
306.99799999999999,227.90000000000001
307.57100000000003,229.80000000000001
308.14400000000001,226.30000000000001
308.71699999999998,228.5
309.29000000000002,238
309.863,211.80000000000001
310.43599999999998,259.10000000000002
311.00999999999999,227.30000000000001
311.58300000000003,233.5
312.15600000000001,223.5
312.72899999999998,240.30000000000001
313.30200000000002,226.5
313.875,233.5
314.44799999999998,226.40000000000001
315.02100000000002,245.5
315.59399999999999,226.59999999999999
316.16699999999997,241.69999999999999
316.74000000000001,242.90000000000001
317.31299999999999,227.90000000000001
317.88600000000002,224.69999999999999
318.45999999999998,228.5
319.03300000000002,228.09999999999999
319.60599999999999,232
320.17899999999997,241
320.75200000000001,240.80000000000001
321.32499999999999,239.90000000000001
321.89800000000002,201.30000000000001
322.471,214.09999999999999
323.04399999999998,247.80000000000001
323.61700000000002,242.19999999999999
324.19,231
324.76299999999998,235.09999999999999
325.33600000000001,221.19999999999999
325.90899999999999,233.69999999999999
326.483,233.5
327.05599999999998,238.5
327.62900000000002,226.69999999999999
328.202,245.5
328.77499999999998,238.5
329.34800000000001,223.5
329.92099999999999,218.69999999999999
330.49400000000003,213.19999999999999
331.06700000000001,224
331.63999999999999,230.30000000000001
332.21300000000002,228
332.786,231.69999999999999
333.35899999999998,233.59999999999999
333.93299999999999,237
334.50599999999997,235
335.07900000000001,228.90000000000001
335.65199999999999,226.09999999999999
336.22500000000002,221
336.798,222.69999999999999
337.37099999999998,222.30000000000001
337.94400000000002,229.5
338.517,250
339.08999999999997,247
339.66300000000001,231.19999999999999
340.23599999999999,229.40000000000001
340.80900000000003,224.90000000000001
341.38299999999998,211.30000000000001
341.95600000000002,205.09999999999999
342.529,223.19999999999999
343.10199999999998,218.69999999999999
343.67500000000001,212.90000000000001
344.24799999999999,215.40000000000001
344.82100000000003,231.40000000000001
345.39400000000001,220.30000000000001
345.96699999999998,240.19999999999999
346.54000000000002,240.09999999999999
347.113,238.30000000000001
347.68599999999998,220.59999999999999
348.25900000000001,211.69999999999999
348.83300000000003,225.19999999999999
349.40600000000001,231.5
349.97899999999998,228.80000000000001
350.55200000000002,222.40000000000001
351.125,220.19999999999999
351.69799999999998,228
352.27100000000002,218.40000000000001
352.84399999999999,210.69999999999999
353.41699999999997,237.30000000000001
353.99000000000001,243.69999999999999
354.56299999999999,240.80000000000001
355.13600000000002,229.69999999999999
355.709,228.40000000000001
356.28300000000002,250
356.85599999999999,243.09999999999999
357.42899999999997,226
358.00200000000001,229.40000000000001
358.57499999999999,226.09999999999999
359.14800000000002,240
359.721,232.90000000000001
360.29399999999998,214.30000000000001
360.86700000000002,240.80000000000001
361.44,242.69999999999999
362.01299999999998,206.5
362.58600000000001,207.80000000000001
363.15899999999999,209.80000000000001
363.733,217.09999999999999
364.30599999999998,220.59999999999999
364.87900000000002,243.40000000000001
365.452,248.19999999999999
366.02499999999998,245
366.59800000000001,232.30000000000001
367.17099999999999,227.90000000000001
367.74400000000003,230.5
368.31700000000001,225.69999999999999
368.88999999999999,227.69999999999999
369.46300000000002,231.69999999999999
370.036,225.5
370.60899999999998,230.69999999999999
371.18299999999999,234.40000000000001
371.75599999999997,223.40000000000001
372.32900000000001,242
372.90199999999999,213.80000000000001
373.47500000000002,238.40000000000001
374.048,243.80000000000001
374.62099999999998,240.59999999999999
375.19400000000002,238.59999999999999
375.767,234.09999999999999
376.33999999999997,236.30000000000001
376.91300000000001,221.90000000000001
377.48599999999999,235.5
378.05900000000003,247.19999999999999
378.63200000000001,220.90000000000001
379.20600000000002,234.40000000000001
379.779,242.19999999999999
380.35199999999998,240.69999999999999
380.92500000000001,233.40000000000001
381.49799999999999,231.69999999999999
382.07100000000003,222.5
382.64400000000001,234.80000000000001
383.21699999999998,241.40000000000001
383.79000000000002,251.09999999999999
384.363,245.09999999999999
384.93599999999998,226.30000000000001
385.50900000000001,228.19999999999999
386.08199999999999,226.80000000000001
386.65600000000001,221
387.22899999999998,232.59999999999999
387.80200000000002,245.59999999999999
388.375,247
388.94799999999998,238.40000000000001
389.52100000000002,232.80000000000001
390.09399999999999,229.59999999999999
390.66699999999997,235
391.24000000000001,247.80000000000001
391.81299999999999,252.40000000000001
392.38600000000002,263.69999999999999
392.959,251.19999999999999
393.53199999999998,239.90000000000001
394.10599999999999,223.69999999999999
394.67899999999997,224.5
395.25200000000001,282.89999999999998
395.82499999999999,243.19999999999999
396.39800000000002,246.90000000000001
396.971,257.89999999999998
397.54399999999998,245.19999999999999
398.11700000000002,232.09999999999999
398.69,260.69999999999999
399.26299999999998,260.69999999999999
399.83600000000001,258.69999999999999
400.40899999999999,270.19999999999999
400.98200000000003,251
401.55599999999998,251.69999999999999
402.12900000000002,245.19999999999999
402.702,242
403.27499999999998,259.19999999999999
403.84800000000001,257.19999999999999
404.42099999999999,242.69999999999999
404.99400000000003,246.5
405.56700000000001,266.10000000000002
406.13999999999999,284.89999999999998
406.71300000000002,287.39999999999998
407.286,283.10000000000002
407.85899999999998,294.89999999999998
408.43200000000002,304.89999999999998
409.00599999999997,300.19999999999999
409.57900000000001,309
410.15199999999999,324.19999999999999
410.72500000000002,343.69999999999999
411.298,352.10000000000002
411.87099999999998,358.69999999999999
412.44400000000002,383.19999999999999
413.017,390.80000000000001
413.58999999999997,405.19999999999999
414.16300000000001,450
414.73599999999999,469.10000000000002
415.30900000000003,482.5
415.88200000000001,520.79999999999995
416.45600000000002,550.5
417.029,594.60000000000002
417.60199999999998,640.29999999999995
418.17500000000001,705.89999999999998
418.74799999999999,739.10000000000002
419.32100000000003,782.29999999999995
419.89400000000001,865.39999999999998
420.46699999999998,926.39999999999998
421.04000000000002,1013
421.613,1104
422.18599999999998,1209
422.75900000000001,1317
423.33199999999999,1414
423.90600000000001,1529
424.47899999999998,1670
425.05200000000002,1802
425.625,1943
426.19799999999998,2109
426.77100000000002,2269
427.34399999999999,2451
427.91699999999997,2660
428.49000000000001,2854
429.06299999999999,3081
429.63600000000002,3340
430.209,3593
430.78199999999998,3884
431.35500000000002,4201
431.92899999999997,4538
432.50200000000001,4885
433.07499999999999,5263
433.64800000000002,5717
434.221,6189
434.79399999999998,6713
435.36700000000002,7236
435.94,7906
436.51299999999998,8548
437.08600000000001,9332
437.65899999999999,10200
438.23200000000003,11160
438.80500000000001,12130
439.37900000000002,13180
439.952,14300
440.52499999999998,15500
441.09800000000001,16720
441.67099999999999,17880
442.24400000000003,19040
442.81700000000001,20160
443.38999999999999,21130
443.96300000000002,21840
444.536,22310
445.10899999999998,22700
445.68200000000002,22830
446.255,22530
446.82900000000001,22020
447.40199999999999,21260
447.97500000000002,20280
448.548,19170
449.12099999999998,17900
449.69400000000002,16580
450.267,15280
450.83999999999997,14000
451.41300000000001,12820
451.98599999999999,11790
452.55900000000003,10820
453.13200000000001,10030
453.70499999999998,9352
454.279,8773
454.85199999999998,8297
455.42500000000001,7902
455.99799999999999,7609
456.57100000000003,7338
457.14400000000001,7111
457.71699999999998,6842
458.29000000000002,6607
458.863,6385
459.43599999999998,6147
460.00900000000001,5868
460.58199999999999,5607
461.15499999999997,5353
461.72899999999998,5056
462.30200000000002,4771
462.875,4468
463.44799999999998,4173
464.02100000000002,3875
464.59399999999999,3583
465.16699999999997,3315
465.74000000000001,3035
466.31299999999999,2808
466.88600000000002,2621
467.459,2427
468.03199999999998,2267
468.60500000000002,2123
469.17899999999997,1985
469.75200000000001,1860
470.32499999999999,1771
470.89800000000002,1687
471.471,1607
472.04399999999998,1542
472.61700000000002,1487
473.19,1438
473.76299999999998,1385
474.33600000000001,1310
474.90899999999999,1238
475.48200000000003,1215
476.05500000000001,1181
476.62799999999999,1117
477.202,1072
477.77499999999998,1020
478.34800000000001,961.10000000000002
478.92099999999999,915.29999999999995
479.49400000000003,871.20000000000005
480.06700000000001,829.29999999999995
480.63999999999999,795.60000000000002
481.21300000000002,732
481.786,712.20000000000005
482.35899999999998,689.29999999999995
482.93200000000002,628.29999999999995
483.505,593.29999999999995
484.07799999999997,579.39999999999998
484.65199999999999,561.10000000000002
485.22500000000002,542.20000000000005
485.798,497.10000000000002
486.37099999999998,497.89999999999998
486.94400000000002,467.19999999999999
487.517,437.30000000000001
488.08999999999997,429.19999999999999
488.66300000000001,423.60000000000002
489.23599999999999,448.89999999999998
489.80900000000003,410.19999999999999
490.38200000000001,399.5
490.95499999999998,391.60000000000002
491.52800000000002,385.10000000000002
492.10199999999998,378.10000000000002
492.67500000000001,378.69999999999999
493.24799999999999,367
493.82100000000003,362.10000000000002
494.39400000000001,357.89999999999998
494.96699999999998,352.60000000000002
495.54000000000002,347.89999999999998
496.113,341.19999999999999
496.68599999999998,324.10000000000002
497.25900000000001,321
497.83199999999999,327.69999999999999
498.40499999999997,312.69999999999999
498.97800000000001,301.30000000000001
499.55200000000002,298.89999999999998
500.125,296.10000000000002
500.69799999999998,295.10000000000002
501.27100000000002,289.19999999999999
501.84399999999999,289.89999999999998
502.41699999999997,289
502.99000000000001,277.89999999999998
503.56299999999999,275.80000000000001
504.13600000000002,279.69999999999999
504.709,280.10000000000002
505.28199999999998,278.19999999999999
505.85500000000002,273.39999999999998
506.428,268.60000000000002
507.00200000000001,260.89999999999998
507.57499999999999,265
508.14800000000002,260.80000000000001
508.721,250.80000000000001
509.29399999999998,265.10000000000002
509.86700000000002,259.80000000000001
510.44,251.59999999999999
511.01299999999998,272.69999999999999
511.58600000000001,255.69999999999999
512.15899999999999,251.59999999999999
512.73199999999997,272
513.30499999999995,256.39999999999998
513.87800000000004,255.69999999999999
514.452,251.69999999999999
515.02499999999998,254
515.59799999999996,238.19999999999999
516.17100000000005,252.19999999999999
516.74400000000003,236.69999999999999
517.31700000000001,240.5
517.88999999999999,242
518.46299999999997,218.30000000000001
519.03599999999994,256.80000000000001
519.60900000000004,243.40000000000001
520.18200000000002,240.69999999999999
520.755,250.5
521.32799999999997,259.30000000000001
521.90200000000004,256
522.47500000000002,258.39999999999998
523.048,254.59999999999999
523.62099999999998,243.09999999999999
524.19399999999996,241.80000000000001
524.76700000000005,230.59999999999999
525.34000000000003,236.90000000000001
525.91300000000001,241.80000000000001
526.48599999999999,256.10000000000002
527.05899999999997,246.59999999999999
527.63199999999995,243.69999999999999
528.20500000000004,253.40000000000001
528.77800000000002,239.40000000000001
529.351,253.5
529.92499999999995,273.5
530.49800000000005,280.69999999999999
531.07100000000003,271.89999999999998
531.64400000000001,247
532.21699999999998,243.80000000000001
532.78999999999996,253.19999999999999
533.36300000000006,266
533.93600000000004,262.80000000000001
534.50900000000001,251
535.08199999999999,260.69999999999999
535.65499999999997,254.90000000000001
536.22799999999995,258.80000000000001
536.80100000000004,272.30000000000001
537.375,275
537.94799999999998,256.89999999999998
538.52099999999996,243.30000000000001
539.09400000000005,252
539.66700000000003,258
540.24000000000001,256.10000000000002
540.81299999999999,259.69999999999999
541.38599999999997,278.19999999999999
541.95899999999995,253.90000000000001
542.53200000000004,268.19999999999999
543.10500000000002,265.39999999999998
543.678,271.5
544.25099999999998,259.60000000000002
544.82500000000005,266.89999999999998
545.39800000000002,283.39999999999998
545.971,257.19999999999999
546.54399999999998,234
547.11699999999996,250.30000000000001
547.69000000000005,282.10000000000002
548.26300000000003,278
548.83600000000001,267.89999999999998
549.40899999999999,261
549.98199999999997,248
550.55499999999995,260.5
551.12800000000004,244.59999999999999
551.70100000000002,256.5
552.27499999999998,242
552.84799999999996,251
553.42100000000005,261.5
553.99400000000003,252.19999999999999
554.56700000000001,253.80000000000001
555.13999999999999,259.30000000000001
555.71299999999997,253.09999999999999
556.28599999999994,246.90000000000001
556.85900000000004,234.80000000000001
557.43200000000002,274
558.005,253.5
558.57799999999997,253.30000000000001
559.15099999999995,248.19999999999999
559.72500000000002,237.40000000000001
560.298,239.69999999999999
560.87099999999998,241.80000000000001
561.44399999999996,242.40000000000001
562.01700000000005,250.80000000000001
562.59000000000003,252.19999999999999
563.16300000000001,233.90000000000001
563.73599999999999,255.40000000000001
564.30899999999997,257.10000000000002
564.88199999999995,243.5
565.45500000000004,255.09999999999999
566.02800000000002,250.90000000000001
566.601,244.5
567.17499999999995,241.59999999999999
567.74800000000005,242.80000000000001
568.32100000000003,240.5
568.89400000000001,245.69999999999999
569.46699999999998,242.19999999999999
570.03999999999996,249.09999999999999
570.61300000000006,254.59999999999999
571.18600000000004,255.69999999999999
571.75900000000001,251.30000000000001
572.33199999999999,248.59999999999999
572.90499999999997,261.10000000000002
573.47799999999995,249.30000000000001
574.05100000000004,246.69999999999999
574.625,253
575.19799999999998,245.59999999999999
575.77099999999996,249.59999999999999
576.34400000000005,244.90000000000001
576.91700000000003,254.5
577.49000000000001,273.39999999999998
578.06299999999999,274.30000000000001
578.63599999999997,262.19999999999999
579.20899999999995,249.19999999999999
579.78200000000004,264.30000000000001
580.35500000000002,240.09999999999999
580.928,247.69999999999999
581.50099999999998,247.5
582.07399999999996,247.40000000000001
582.64800000000002,257.60000000000002
583.221,248.30000000000001
583.79399999999998,244.40000000000001
584.36699999999996,242.19999999999999
584.94000000000005,256
585.51300000000003,269.60000000000002
586.08600000000001,244.30000000000001
586.65899999999999,211.30000000000001
587.23199999999997,254
587.80499999999995,256.89999999999998
588.37800000000004,252.09999999999999
588.95100000000002,261
589.524,231.30000000000001
590.09799999999996,250.59999999999999
590.67100000000005,253.30000000000001
591.24400000000003,253.69999999999999
591.81700000000001,225.90000000000001
592.38999999999999,279.69999999999999
592.96299999999997,258.39999999999998
593.53599999999994,239
594.10900000000004,259.5
594.68200000000002,246.40000000000001
595.255,286.5
595.82799999999997,213.30000000000001
596.40099999999995,255.09999999999999
596.97400000000005,245.19999999999999
597.548,249.40000000000001
598.12099999999998,247.40000000000001
598.69399999999996,238.09999999999999
599.26700000000005,235.90000000000001
599.84000000000003,237.69999999999999
600.41300000000001,257.60000000000002
600.98599999999999,254.30000000000001
601.55899999999997,241
602.13199999999995,245.59999999999999
602.70500000000004,265
603.27800000000002,236.19999999999999
603.851,222.5
604.42399999999998,261.89999999999998
604.99800000000005,232.90000000000001
605.57100000000003,252.5
606.14400000000001,237.59999999999999
606.71699999999998,235.19999999999999
607.28999999999996,250.40000000000001
607.86300000000006,246.19999999999999
608.43600000000004,239.5
609.00900000000001,226.59999999999999
609.58199999999999,223.90000000000001
610.15499999999997,231.59999999999999
610.72799999999995,238.90000000000001
611.30100000000004,213.90000000000001
611.87400000000002,237
612.44799999999998,240.80000000000001
613.02099999999996,266.60000000000002
613.59400000000005,249
614.16700000000003,233.30000000000001
614.74000000000001,235.69999999999999
615.31299999999999,250.19999999999999
615.88599999999997,246.59999999999999
616.45899999999995,237.30000000000001
617.03200000000004,242.80000000000001
617.60500000000002,261.39999999999998
618.178,249.80000000000001
618.75099999999998,247.30000000000001
619.32399999999996,256.19999999999999
619.89800000000002,262.39999999999998
620.471,251.69999999999999
621.04399999999998,246.19999999999999
621.61699999999996,257.30000000000001
622.19000000000005,247
622.76300000000003,235.90000000000001
623.33600000000001,233.59999999999999
623.90899999999999,212.30000000000001
624.48199999999997,222.09999999999999
625.05499999999995,251.30000000000001
625.62800000000004,252.90000000000001
626.20100000000002,246.80000000000001
626.774,267.80000000000001
627.34799999999996,262.10000000000002
627.92100000000005,265.19999999999999
628.49400000000003,254.90000000000001
629.06700000000001,249.40000000000001
629.63999999999999,257.60000000000002
630.21299999999997,270.30000000000001
630.78599999999994,264
631.35900000000004,258.89999999999998
631.93200000000002,257.89999999999998
632.505,247.80000000000001
633.07799999999997,243.5
633.65099999999995,249.09999999999999
634.22400000000005,254.69999999999999
634.79700000000003,255.69999999999999
635.37099999999998,263.5
635.94399999999996,265.60000000000002
636.51700000000005,252.90000000000001
637.09000000000003,249.5
637.66300000000001,258.19999999999999
638.23599999999999,273.60000000000002
638.80899999999997,279.19999999999999
639.38199999999995,268.10000000000002
639.95500000000004,268.89999999999998
640.52800000000002,276.5
641.101,267.60000000000002
641.67399999999998,254.5
642.24699999999996,248.5
642.82100000000003,248.90000000000001
643.39400000000001,253.69999999999999
643.96699999999998,267.60000000000002
644.53999999999996,261.19999999999999
645.11300000000006,250.5
645.68600000000004,259.69999999999999
646.25900000000001,253.09999999999999
646.83199999999999,253.09999999999999
647.40499999999997,254.69999999999999
647.97799999999995,246.69999999999999
648.55100000000004,251.30000000000001
649.12400000000002,254.5
649.697,251.69999999999999
650.27099999999996,251.90000000000001
650.84400000000005,251.90000000000001
651.41700000000003,239.90000000000001
651.99000000000001,236.5
652.56299999999999,251.40000000000001
653.13599999999997,254.69999999999999
653.70899999999995,262.5
654.28200000000004,260.60000000000002
654.85500000000002,242.69999999999999
655.428,249.69999999999999
656.00099999999998,277.39999999999998
656.57399999999996,268
657.14700000000005,240.80000000000001
657.721,247.30000000000001
658.29399999999998,246.30000000000001
658.86699999999996,240.40000000000001
659.44000000000005,241.59999999999999
660.01300000000003,251.80000000000001
660.58600000000001,263.89999999999998
661.15899999999999,244.5
661.73199999999997,237.90000000000001
662.30499999999995,236.09999999999999
662.87800000000004,250.69999999999999
663.45100000000002,252.5
664.024,239.5
664.59699999999998,249.80000000000001
665.17100000000005,262
665.74400000000003,254.69999999999999
666.31700000000001,240.69999999999999
666.88999999999999,239.09999999999999
667.46299999999997,249.40000000000001
668.03599999999994,245.90000000000001
668.60900000000004,247.30000000000001
669.18200000000002,237.09999999999999
669.755,235.5
670.32799999999997,246.90000000000001
670.90099999999995,253
671.47400000000005,254.19999999999999
672.04700000000003,253.69999999999999
672.62099999999998,258.39999999999998
673.19399999999996,253.09999999999999
673.76700000000005,244.5
674.34000000000003,255.69999999999999
674.91300000000001,263.19999999999999
675.48599999999999,244.90000000000001
676.05899999999997,243.80000000000001
676.63199999999995,243.69999999999999
677.20500000000004,242.5
677.77800000000002,239.5
678.351,250.90000000000001
678.92399999999998,256.60000000000002
679.49699999999996,244.59999999999999
680.07100000000003,236.19999999999999
680.64400000000001,245.09999999999999
681.21699999999998,254.40000000000001
681.78999999999996,251.19999999999999
682.36300000000006,246.40000000000001
682.93600000000004,235.69999999999999
683.50900000000001,238.69999999999999
684.08199999999999,234.40000000000001
684.65499999999997,256.10000000000002
685.22799999999995,242.30000000000001
685.80100000000004,239.80000000000001
686.37400000000002,235.69999999999999
686.947,243.5
687.51999999999998,245.80000000000001
688.09400000000005,236.40000000000001
688.66700000000003,245.69999999999999
689.24000000000001,229.30000000000001
689.81299999999999,238.5
690.38599999999997,244.80000000000001
690.95899999999995,241.69999999999999
691.53200000000004,241.59999999999999
692.10500000000002,234.69999999999999
692.678,245.30000000000001
693.25099999999998,260.69999999999999
693.82399999999996,242.30000000000001
694.39700000000005,241.5
694.97000000000003,236.69999999999999
695.54399999999998,236
696.11699999999996,229.80000000000001
696.69000000000005,222.69999999999999
697.26300000000003,238.09999999999999
697.83600000000001,248.19999999999999
698.40899999999999,236.69999999999999
698.98199999999997,238.69999999999999
699.55499999999995,256.19999999999999
700.12800000000004,238.09999999999999
700.70100000000002,230
701.274,234.69999999999999
701.84699999999998,247.59999999999999
702.41999999999996,256.69999999999999
702.99400000000003,248.40000000000001
703.56700000000001,242.59999999999999
704.13999999999999,256.60000000000002
704.71299999999997,266.5
705.28599999999994,258.80000000000001
705.85900000000004,257.80000000000001
706.43200000000002,245.5
707.005,239.5
707.57799999999997,254.09999999999999
708.15099999999995,250.80000000000001
708.72400000000005,243.40000000000001
709.29700000000003,245.59999999999999
709.87,248.40000000000001
710.44399999999996,248
711.01700000000005,246.40000000000001
711.59000000000003,252.40000000000001
712.16300000000001,244.09999999999999
712.73599999999999,244.59999999999999
713.30899999999997,236
713.88199999999995,222.19999999999999
714.45500000000004,234.69999999999999
715.02800000000002,240.59999999999999
715.601,226.59999999999999
716.17399999999998,242.30000000000001
716.74699999999996,245
717.32000000000005,242.30000000000001
717.89400000000001,241.30000000000001
718.46699999999998,221.30000000000001
719.03999999999996,234.69999999999999
719.61300000000006,257.89999999999998
720.18600000000004,251.90000000000001
720.75900000000001,260.89999999999998
721.33199999999999,238.80000000000001
721.90499999999997,240.30000000000001
722.47799999999995,247.59999999999999
723.05100000000004,241.40000000000001
723.62400000000002,231.5
724.197,235.90000000000001
724.76999999999998,232.90000000000001
725.34400000000005,220.59999999999999
725.91700000000003,222.19999999999999
726.49000000000001,235.30000000000001
727.06299999999999,243.80000000000001
727.63599999999997,231.30000000000001
728.20899999999995,231.40000000000001
728.78200000000004,242.30000000000001
729.35500000000002,244.69999999999999
729.928,234.40000000000001
730.50099999999998,237.19999999999999
731.07399999999996,229.09999999999999
731.64700000000005,241.90000000000001
732.22000000000003,225.5
732.79300000000001,232.69999999999999
733.36699999999996,231.30000000000001
733.94000000000005,239.90000000000001
734.51300000000003,251.5
735.08600000000001,254.19999999999999
735.65899999999999,238.30000000000001
736.23199999999997,240.40000000000001
736.80499999999995,241.30000000000001
737.37800000000004,238.30000000000001
737.95100000000002,233.19999999999999
738.524,254.19999999999999
739.09699999999998,256.89999999999998
739.66999999999996,243.80000000000001
740.24300000000005,219.40000000000001
740.81700000000001,226.19999999999999
741.38999999999999,232.59999999999999
741.96299999999997,221.30000000000001
742.53599999999994,231.30000000000001
743.10900000000004,261
743.68200000000002,243
744.255,265.10000000000002
744.82799999999997,253.90000000000001
745.40099999999995,242.59999999999999
745.97400000000005,247.69999999999999
746.54700000000003,244.90000000000001
747.12,243.30000000000001
747.69299999999998,270.19999999999999
748.26700000000005,232.69999999999999
748.84000000000003,220.69999999999999
749.41300000000001,243.69999999999999
749.98599999999999,257.69999999999999
750.55899999999997,245.5
751.13199999999995,253.80000000000001
751.70500000000004,252.19999999999999
752.27800000000002,254.40000000000001
752.851,228.69999999999999
753.42399999999998,226.80000000000001
753.99699999999996,249.09999999999999
754.57000000000005,249
755.14300000000003,250.5
755.71699999999998,239.90000000000001
756.28999999999996,254.5
756.86300000000006,218.69999999999999
757.43600000000004,225.40000000000001
758.00900000000001,225
758.58199999999999,241.19999999999999
759.15499999999997,250.09999999999999
759.72799999999995,253.30000000000001
760.30100000000004,234
760.87400000000002,247.90000000000001
761.447,248.5
762.01999999999998,246
762.59299999999996,214.40000000000001
763.16700000000003,223
763.74000000000001,237.09999999999999
764.31299999999999,238.5
764.88599999999997,220.69999999999999
765.45899999999995,233.80000000000001
766.03200000000004,245.69999999999999
766.60500000000002,243.5
767.178,245.09999999999999
767.75099999999998,236.69999999999999
768.32399999999996,236.69999999999999
768.89700000000005,237.69999999999999
769.47000000000003,236.69999999999999
770.04300000000001,230.30000000000001
770.61699999999996,232.80000000000001
771.19000000000005,241.40000000000001
771.76300000000003,229.69999999999999
772.33600000000001,224.40000000000001
772.90899999999999,224
773.48199999999997,221.40000000000001
774.05499999999995,230.5
774.62800000000004,231.90000000000001
775.20100000000002,219.59999999999999
775.774,227
776.34699999999998,242.30000000000001
776.91999999999996,241.80000000000001
777.49300000000005,244.19999999999999
778.06700000000001,242.5
778.63999999999999,240.19999999999999
779.21299999999997,245.59999999999999
779.78599999999994,236.90000000000001
780.35900000000004,230.19999999999999
780.93200000000002,238.90000000000001
781.505,234.30000000000001
782.07799999999997,245.5
782.65099999999995,238.69999999999999
783.22400000000005,238.09999999999999
783.79700000000003,271.60000000000002
784.37,263.80000000000001
784.94299999999998,238.90000000000001
785.51599999999996,223.5
786.09000000000003,240.40000000000001
786.66300000000001,243.80000000000001
787.23599999999999,235
787.80899999999997,254.69999999999999
788.38199999999995,245.19999999999999
788.95500000000004,246
789.52800000000002,230.80000000000001
790.101,233.90000000000001
790.67399999999998,241.5
791.24699999999996,217
791.82000000000005,266.80000000000001
792.39300000000003,245.09999999999999
792.96600000000001,238.90000000000001
793.53999999999996,233.40000000000001
794.11300000000006,244.59999999999999
794.68600000000004,238.80000000000001
795.25900000000001,225.90000000000001
795.83199999999999,250.19999999999999
796.40499999999997,246.80000000000001
796.97799999999995,249.40000000000001
797.55100000000004,241.69999999999999
798.12400000000002,240.40000000000001
798.697,253.19999999999999
799.26999999999998,243.19999999999999
799.84299999999996,229
800.41600000000005,252
800.99000000000001,243.90000000000001
801.56299999999999,246.80000000000001
802.13599999999997,257
802.70899999999995,256.30000000000001
803.28200000000004,258.10000000000002
803.85500000000002,265.30000000000001
804.428,250
805.00099999999998,258.60000000000002
805.57399999999996,267.89999999999998
806.14700000000005,252.40000000000001
806.72000000000003,248
807.29300000000001,268.60000000000002
807.86599999999999,260.89999999999998
808.44000000000005,259.80000000000001
809.01300000000003,257.89999999999998
809.58600000000001,255.59999999999999
810.15899999999999,253.59999999999999
810.73199999999997,247.09999999999999
811.30499999999995,255.69999999999999
811.87800000000004,262.30000000000001
812.45100000000002,263.80000000000001
813.024,257.39999999999998
813.59699999999998,251
814.16999999999996,259.30000000000001
814.74300000000005,255.90000000000001
815.31600000000003,257.30000000000001
815.88999999999999,268
816.46299999999997,266.89999999999998
817.03599999999994,263.80000000000001
817.60900000000004,263.60000000000002
818.18200000000002,258.80000000000001
818.755,246.09999999999999
819.32799999999997,254.30000000000001
819.90099999999995,272.10000000000002
820.47400000000005,264.60000000000002
821.04700000000003,263
821.62,269.19999999999999
822.19299999999998,259
822.76599999999996,262.60000000000002
823.34000000000003,271.30000000000001
823.91300000000001,266.30000000000001
824.48599999999999,250.90000000000001
825.05899999999997,268
825.63199999999995,284.39999999999998
826.20500000000004,241.30000000000001
826.77800000000002,270.19999999999999
827.351,261.19999999999999
827.92399999999998,269
828.49699999999996,267.30000000000001
829.07000000000005,241.69999999999999
829.64300000000003,260.19999999999999
830.21600000000001,260.5
830.78999999999996,258.69999999999999
831.36300000000006,252.30000000000001
831.93600000000004,230.30000000000001
832.50900000000001,266
833.08199999999999,260.30000000000001
833.65499999999997,255.59999999999999
834.22799999999995,251.09999999999999
834.80100000000004,245.90000000000001
835.37400000000002,249.5
835.947,236.80000000000001
836.51999999999998,243.80000000000001
837.09299999999996,250.59999999999999
837.66600000000005,263.39999999999998
838.23900000000003,265.10000000000002
838.81299999999999,257.60000000000002
839.38599999999997,242.80000000000001
839.95899999999995,246.59999999999999
840.53200000000004,251.5
841.10500000000002,239.5
841.678,230.90000000000001
842.25099999999998,240.30000000000001
842.82399999999996,242.69999999999999
843.39700000000005,232
843.97000000000003,248.90000000000001
844.54300000000001,255.40000000000001
845.11599999999999,254.30000000000001
845.68899999999996,236
846.26300000000003,226.40000000000001
846.83600000000001,237.69999999999999
847.40899999999999,248.09999999999999
847.98199999999997,238.09999999999999
848.55499999999995,236.19999999999999
849.12800000000004,251.30000000000001
849.70100000000002,254.90000000000001
850.274,227.69999999999999
850.84699999999998,237.09999999999999
851.41999999999996,260.10000000000002
851.99300000000005,253.09999999999999
852.56600000000003,258.69999999999999
853.13900000000001,234.90000000000001
853.71299999999997,247.59999999999999
854.28599999999994,254.69999999999999
854.85900000000004,225.59999999999999
855.43200000000002,254.19999999999999
856.005,266.80000000000001
856.57799999999997,261.19999999999999
857.15099999999995,245.09999999999999
857.72400000000005,248.09999999999999
858.29700000000003,249.90000000000001
858.87,269.19999999999999
859.44299999999998,249.69999999999999
860.01599999999996,254.40000000000001
860.58900000000006,248.40000000000001
861.16300000000001,255.09999999999999
861.73599999999999,254.90000000000001
862.30899999999997,265.39999999999998
862.88199999999995,262.30000000000001
863.45500000000004,260.39999999999998
864.02800000000002,256.60000000000002
864.601,251.5
865.17399999999998,259.19999999999999
865.74699999999996,264.69999999999999
866.32000000000005,265.60000000000002
866.89300000000003,265.39999999999998
867.46600000000001,256.10000000000002
868.03899999999999,239.90000000000001
868.61300000000006,244.30000000000001
869.18600000000004,266.89999999999998
869.75900000000001,248.69999999999999
870.33199999999999,250.19999999999999
870.90499999999997,252.40000000000001
871.47799999999995,246.59999999999999
872.05100000000004,275.10000000000002
872.62400000000002,248.69999999999999
873.197,244.19999999999999
873.76999999999998,254
874.34299999999996,243.09999999999999
874.91600000000005,256.19999999999999
875.48900000000003,240.90000000000001
876.06299999999999,244.30000000000001
876.63599999999997,263.69999999999999
877.20899999999995,238.90000000000001
877.78200000000004,253.90000000000001
878.35500000000002,261.89999999999998
878.928,266.19999999999999
879.50099999999998,253.19999999999999
880.07399999999996,255.80000000000001
880.64700000000005,255.5
881.22000000000003,258.80000000000001
881.79300000000001,251.90000000000001
882.36599999999999,259.69999999999999
882.93899999999996,247.90000000000001
883.51300000000003,264.5
884.08600000000001,265.80000000000001
884.65899999999999,251.59999999999999
885.23199999999997,251.69999999999999
885.80499999999995,253.59999999999999
886.37800000000004,246.90000000000001
886.95100000000002,255.80000000000001
887.524,250.19999999999999
888.09699999999998,242.69999999999999
888.66999999999996,247.19999999999999
889.24300000000005,248
889.81600000000003,236.80000000000001
890.38900000000001,259.39999999999998
890.96199999999999,255.09999999999999
891.53599999999994,258.5
892.10900000000004,242.80000000000001
892.68200000000002,249.59999999999999
893.255,260.30000000000001
893.82799999999997,255.30000000000001
894.40099999999995,242
894.97400000000005,264.5
895.54700000000003,243.80000000000001
896.12,248.40000000000001
896.69299999999998,261.19999999999999
897.26599999999996,259.60000000000002
897.83900000000006,244.09999999999999
898.41200000000003,264.39999999999998
898.98599999999999,245.59999999999999
899.55899999999997,260.60000000000002
900.13199999999995,254.90000000000001
900.70500000000004,236.40000000000001
901.27800000000002,232.69999999999999
901.851,246.59999999999999
902.42399999999998,270.30000000000001
902.99699999999996,259.30000000000001
903.57000000000005,245.40000000000001
904.14300000000003,251.19999999999999
904.71600000000001,255.40000000000001
905.28899999999999,251.80000000000001
905.86199999999997,241.19999999999999
906.43600000000004,244
907.00900000000001,242.30000000000001
907.58199999999999,230.80000000000001
908.15499999999997,235.30000000000001
908.72799999999995,233.19999999999999
909.30100000000004,255.59999999999999
909.87400000000002,268.69999999999999
910.447,251.5
911.01999999999998,255.09999999999999
911.59299999999996,275.80000000000001
912.16600000000005,235.59999999999999
912.73900000000003,261.89999999999998
913.31200000000001,254.90000000000001
913.88599999999997,251.69999999999999
914.45899999999995,242.5
915.03200000000004,266.60000000000002
915.60500000000002,244.80000000000001
916.178,237.5
916.75099999999998,240.19999999999999
917.32399999999996,253.90000000000001
917.89700000000005,262.39999999999998
918.47000000000003,238.59999999999999
919.04300000000001,255.5
919.61599999999999,255.80000000000001
920.18899999999996,259.39999999999998
920.76199999999994,268.80000000000001
921.33600000000001,273.19999999999999
921.90899999999999,264.80000000000001
922.48199999999997,256.5
923.05499999999995,265
923.62800000000004,247.90000000000001
924.20100000000002,263.80000000000001
924.774,277.69999999999999
925.34699999999998,263.60000000000002
925.91999999999996,226
926.49300000000005,242.30000000000001
927.06600000000003,261.60000000000002
927.63900000000001,265.5
928.21199999999999,255.80000000000001
928.78599999999994,269.89999999999998
929.35900000000004,260.60000000000002
929.93200000000002,250.5
930.505,267.39999999999998
931.07799999999997,242.69999999999999
931.65099999999995,247.30000000000001
932.22400000000005,262
932.79700000000003,248.40000000000001
933.37,239.19999999999999
933.94299999999998,265.19999999999999
934.51599999999996,262
935.08900000000006,246
935.66200000000003,245.5
936.23599999999999,250.59999999999999
936.80899999999997,264
937.38199999999995,254.59999999999999
937.95500000000004,252.80000000000001
938.52800000000002,257.60000000000002
939.101,277
939.67399999999998,264.60000000000002
940.24699999999996,264.30000000000001
940.82000000000005,251.19999999999999
941.39300000000003,260.69999999999999
941.96600000000001,233.09999999999999
942.53899999999999,259
943.11199999999997,254.5
943.68499999999995,258
944.25900000000001,249.90000000000001
944.83199999999999,286.5
945.40499999999997,253.40000000000001
945.97799999999995,256.89999999999998
946.55100000000004,257.30000000000001
947.12400000000002,253.59999999999999
947.697,273.69999999999999
948.26999999999998,247.09999999999999
948.84299999999996,252.5
949.41600000000005,250.09999999999999
949.98900000000003,249.5
950.56200000000001,253
951.13499999999999,257.5
951.70899999999995,244.59999999999999
952.28200000000004,241.59999999999999
952.85500000000002,240.19999999999999
953.428,252.69999999999999
954.00099999999998,248
954.57399999999996,250.59999999999999
955.14700000000005,256.39999999999998
955.72000000000003,259.89999999999998
956.29300000000001,264.60000000000002
956.86599999999999,251.5
957.43899999999996,243.59999999999999
958.01199999999994,254.80000000000001
958.58500000000004,271.69999999999999
959.15899999999999,236.30000000000001
959.73199999999997,240.90000000000001
960.30499999999995,276.39999999999998
960.87800000000004,268.89999999999998
961.45100000000002,242.5
962.024,237.80000000000001
962.59699999999998,266.69999999999999
963.16999999999996,256.80000000000001
963.74300000000005,251.69999999999999
964.31600000000003,259.30000000000001
964.88900000000001,258.30000000000001
965.46199999999999,267.89999999999998
966.03499999999997,261.69999999999999
966.60900000000004,255.40000000000001
967.18200000000002,251.59999999999999
967.755,251.19999999999999
968.32799999999997,261.60000000000002
968.90099999999995,268.60000000000002
969.47400000000005,245.09999999999999
970.04700000000003,247.59999999999999
970.62,254.59999999999999
971.19299999999998,241.59999999999999
971.76599999999996,244.40000000000001
972.33900000000006,248.40000000000001
972.91200000000003,255.69999999999999
973.48500000000001,233
974.05899999999997,261.30000000000001
974.63199999999995,242.5
975.20500000000004,268.89999999999998
975.77800000000002,260.60000000000002
976.351,262.39999999999998
976.92399999999998,249
977.49699999999996,261.89999999999998
978.07000000000005,273.5
978.64300000000003,265.89999999999998
979.21600000000001,257.10000000000002
979.78899999999999,251.59999999999999
980.36199999999997,258.10000000000002
980.93499999999995,263.60000000000002
981.50900000000001,268
982.08199999999999,265.5
982.65499999999997,266.39999999999998
983.22799999999995,247.80000000000001
983.80100000000004,262.19999999999999
984.37400000000002,267
984.947,261.5
985.51999999999998,256.69999999999999
986.09299999999996,260.60000000000002
986.66600000000005,255.40000000000001
987.23900000000003,275.39999999999998
987.81200000000001,256.60000000000002
988.38499999999999,279
988.95799999999997,265.5
989.53200000000004,279.89999999999998
990.10500000000002,272.60000000000002
990.678,283.89999999999998
991.25099999999998,287.60000000000002
991.82399999999996,281.60000000000002
992.39700000000005,262.30000000000001
992.97000000000003,243.40000000000001
993.54300000000001,255.19999999999999
994.11599999999999,283.60000000000002
994.68899999999996,281.10000000000002
995.26199999999994,278
995.83500000000004,277.60000000000002
996.40800000000002,282.19999999999999
996.98199999999997,273.30000000000001
997.55499999999995,281.89999999999998
998.12800000000004,294.10000000000002
998.70100000000002,262.30000000000001
999.274,284
999.84699999999998,289
1000.42,267.89999999999998
1000.9930000000001,280.39999999999998
1001.566,275.19999999999999
1002.139,288.69999999999999
1002.712,290.19999999999999
1003.285,298.19999999999999
1003.8579999999999,292.60000000000002
1004.432,284.10000000000002
1005.005,278.19999999999999
1005.578,271.10000000000002
1006.151,279.69999999999999
1006.724,270
1007.297,274.19999999999999
1007.87,268.69999999999999
1008.443,267.39999999999998
1009.016,270.30000000000001
1009.5890000000001,266.10000000000002
1010.162,279.89999999999998
1010.735,271.89999999999998
1011.308,281.5
1011.8819999999999,245.19999999999999
1012.455,280.10000000000002
1013.028,285.10000000000002
1013.601,262.89999999999998
1014.174,261.60000000000002
1014.747,266
1015.3200000000001,284.80000000000001
1015.893,272.69999999999999
1016.466,268.60000000000002
1017.039,284
1017.612,293.69999999999999
1018.1849999999999,263.60000000000002
1018.758,262.19999999999999
1019.332,277.10000000000002
1019.905,273.60000000000002
1020.478,267.69999999999999
1021.051,285.69999999999999
1021.624,288.30000000000001
1022.197,267.30000000000001
1022.77,261.89999999999998
1023.343,264.5
1023.9160000000001,267.19999999999999
1024.489,285.39999999999998
1025.0619999999999,264.5
1025.635,255.09999999999999
1026.2080000000001,261.89999999999998
1026.7819999999999,269.80000000000001
1027.355,273.89999999999998
1027.9280000000001,281.10000000000002
1028.501,274.10000000000002
1029.0740000000001,265.30000000000001
1029.6469999999999,269.30000000000001
1030.22,271.89999999999998
1030.7929999999999,280.80000000000001
1031.366,275.10000000000002
1031.9390000000001,264.5
1032.5119999999999,297.89999999999998
1033.085,265.39999999999998
1033.6579999999999,276.30000000000001
1034.232,270.19999999999999
1034.8050000000001,266.60000000000002
1035.3779999999999,264.69999999999999
1035.951,270
1036.5239999999999,267.10000000000002
1037.097,270.80000000000001
1037.6700000000001,256.80000000000001
1038.2429999999999,267.60000000000002
1038.816,272
1039.3889999999999,265.80000000000001
1039.962,252
1040.5350000000001,245.09999999999999
1041.1079999999999,269.80000000000001
1041.681,252.90000000000001
1042.2550000000001,268.30000000000001
1042.828,255.5
1043.4010000000001,269.19999999999999
1043.9739999999999,259
1044.547,249.30000000000001
1045.1199999999999,258.30000000000001
1045.693,260.30000000000001
1046.2660000000001,258.69999999999999
1046.8389999999999,246.30000000000001
1047.412,246.5
1047.9849999999999,255.30000000000001
1048.558,260.10000000000002
1049.1310000000001,262.5
1049.7049999999999,268.19999999999999
1050.278,273
1050.8510000000001,259.5
1051.424,265.80000000000001
1051.9970000000001,272.10000000000002
1052.5699999999999,250.69999999999999
1053.143,250.19999999999999
1053.7159999999999,235.69999999999999
1054.289,275.80000000000001
1054.8620000000001,252.40000000000001
1055.4349999999999,257.60000000000002
1056.008,276.60000000000002
1056.5809999999999,273.10000000000002
1057.155,265.39999999999998
1057.7280000000001,262.5
1058.3009999999999,258.19999999999999
1058.874,258
1059.4469999999999,258.60000000000002
1060.02,270.80000000000001
1060.5930000000001,280.80000000000001
1061.1659999999999,262.89999999999998
1061.739,264.69999999999999
1062.3119999999999,275.39999999999998
1062.885,267.60000000000002
1063.4580000000001,253.59999999999999
1064.0309999999999,264.89999999999998
1064.605,298.5
1065.1780000000001,264.39999999999998
1065.751,272.10000000000002
1066.3240000000001,269.5
1066.8969999999999,269.19999999999999
1067.47,276.80000000000001
1068.0429999999999,268
1068.616,265.19999999999999
1069.1890000000001,268.5
1069.7619999999999,265.39999999999998
1070.335,260.19999999999999
1070.9079999999999,259.89999999999998
1071.481,260.60000000000002
1072.0550000000001,258
1072.6279999999999,260.80000000000001
1073.201,271.19999999999999
1073.7739999999999,292.89999999999998
1074.347,281.19999999999999
1074.9200000000001,282.69999999999999
1075.4929999999999,274.69999999999999
1076.066,276.89999999999998
1076.6389999999999,281
1077.212,272.69999999999999
1077.7850000000001,272.19999999999999
1078.3579999999999,282.19999999999999
1078.931,273.39999999999998
1079.5050000000001,272.69999999999999
1080.078,272.69999999999999
1080.6510000000001,270.10000000000002
1081.2239999999999,302.80000000000001
1081.797,273
1082.3699999999999,265.69999999999999
1082.943,271.69999999999999
1083.5160000000001,283.30000000000001
1084.0889999999999,271.60000000000002
1084.662,270.69999999999999
1085.2349999999999,269.30000000000001
1085.808,278.19999999999999
1086.3810000000001,280.5
1086.9549999999999,291.19999999999999
1087.528,280.19999999999999
1088.1010000000001,282.80000000000001
1088.674,278.30000000000001
1089.2470000000001,272.60000000000002
1089.8199999999999,255.19999999999999
1090.393,281.69999999999999
1090.9659999999999,290.89999999999998
1091.539,264.69999999999999
1092.1120000000001,263.39999999999998
1092.6849999999999,277.60000000000002
1093.258,257.19999999999999
1093.8309999999999,261.30000000000001
1094.404,267
1094.9780000000001,266.60000000000002
1095.5509999999999,269.30000000000001
1096.124,267.69999999999999
1096.6969999999999,267.89999999999998
1097.27,279.5
1097.8430000000001,274.19999999999999
1098.4159999999999,257.89999999999998
1098.989,258.80000000000001
1099.5619999999999,272
